2025-05-20T13:22:59.614+05:45  INFO 27564 --- [merchant-business-gateway] [main] c.n.m.MerchantBusinessGatewayApplication : Starting MerchantBusinessGatewayApplication using Java 21.0.6 with PID 27564 (D:\nchl-files\merchant-business-gateway\target\classes started by pramodgautam in D:\nchl-files\merchant-business-gateway)
2025-05-20T13:22:59.619+05:45 DEBUG 27564 --- [merchant-business-gateway] [main] c.n.m.MerchantBusinessGatewayApplication : Running with Spring Boot v3.4.0, Spring v6.2.0
2025-05-20T13:22:59.620+05:45  INFO 27564 --- [merchant-business-gateway] [main] c.n.m.MerchantBusinessGatewayApplication : No active profile set, falling back to 1 default profile: "default"
2025-05-20T13:23:00.276+05:45  INFO 27564 --- [merchant-business-gateway] [main] .s.d.r.c.RepositoryConfigurationDelegate : Bootstrapping Spring Data JPA repositories in DEFAULT mode.
2025-05-20T13:23:00.317+05:45  INFO 27564 --- [merchant-business-gateway] [main] .s.d.r.c.RepositoryConfigurationDelegate : Finished Spring Data repository scanning in 33 ms. Found 2 JPA repository interfaces.
2025-05-20T13:23:00.925+05:45  INFO 27564 --- [merchant-business-gateway] [main] o.s.b.w.embedded.tomcat.TomcatWebServer  : Tomcat initialized with port 8080 (http)
2025-05-20T13:23:00.937+05:45  INFO 27564 --- [merchant-business-gateway] [main] o.apache.catalina.core.StandardService   : Starting service [Tomcat]
2025-05-20T13:23:00.938+05:45  INFO 27564 --- [merchant-business-gateway] [main] o.apache.catalina.core.StandardEngine    : Starting Servlet engine: [Apache Tomcat/10.1.33]
2025-05-20T13:23:00.996+05:45  INFO 27564 --- [merchant-business-gateway] [main] o.a.c.c.C.[Tomcat].[localhost].[/]       : Initializing Spring embedded WebApplicationContext
2025-05-20T13:23:00.996+05:45  INFO 27564 --- [merchant-business-gateway] [main] w.s.c.ServletWebServerApplicationContext : Root WebApplicationContext: initialization completed in 1345 ms
2025-05-20T13:23:01.203+05:45  INFO 27564 --- [merchant-business-gateway] [main] com.zaxxer.hikari.HikariDataSource       : HikariPool-1 - Starting...
2025-05-20T13:23:02.291+05:45  INFO 27564 --- [merchant-business-gateway] [main] o.hibernate.jpa.internal.util.LogHelper  : HHH000204: Processing PersistenceUnitInfo [name: default]
2025-05-20T13:23:02.315+05:45  INFO 27564 --- [merchant-business-gateway] [main] org.hibernate.Version                    : HHH000412: Hibernate ORM core version 6.6.2.Final
2025-05-20T13:23:02.332+05:45  INFO 27564 --- [merchant-business-gateway] [main] o.h.c.internal.RegionFactoryInitiator    : HHH000026: Second-level cache disabled
2025-05-20T13:23:02.503+05:45  INFO 27564 --- [merchant-business-gateway] [main] o.s.o.j.p.SpringPersistenceUnitInfo      : No LoadTimeWeaver setup: ignoring JPA class transformer
2025-05-20T13:23:02.526+05:45  INFO 27564 --- [merchant-business-gateway] [main] com.zaxxer.hikari.HikariDataSource       : HikariPool-1 - Starting...
2025-05-20T13:23:03.549+05:45  WARN 27564 --- [merchant-business-gateway] [main] o.h.engine.jdbc.spi.SqlExceptionHelper   : SQL Error: 0, SQLState: 28P01
2025-05-20T13:23:03.550+05:45 ERROR 27564 --- [merchant-business-gateway] [main] o.h.engine.jdbc.spi.SqlExceptionHelper   : FATAL: password authentication failed for user "postgres"
2025-05-20T13:23:03.552+05:45  WARN 27564 --- [merchant-business-gateway] [main] o.h.e.j.e.i.JdbcEnvironmentInitiator     : HHH000342: Could not obtain connection to query metadata

org.hibernate.exception.GenericJDBCException: unable to obtain isolated JDBC connection [FATAL: password authentication failed for user "postgres"] [n/a]
	at org.hibernate.exception.internal.StandardSQLExceptionConverter.convert(StandardSQLExceptionConverter.java:63) ~[hibernate-core-6.6.2.Final.jar:6.6.2.Final]
	at org.hibernate.engine.jdbc.spi.SqlExceptionHelper.convert(SqlExceptionHelper.java:108) ~[hibernate-core-6.6.2.Final.jar:6.6.2.Final]
	at org.hibernate.engine.jdbc.spi.SqlExceptionHelper.convert(SqlExceptionHelper.java:94) ~[hibernate-core-6.6.2.Final.jar:6.6.2.Final]
	at org.hibernate.resource.transaction.backend.jdbc.internal.JdbcIsolationDelegate.delegateWork(JdbcIsolationDelegate.java:116) ~[hibernate-core-6.6.2.Final.jar:6.6.2.Final]
	at org.hibernate.engine.jdbc.env.internal.JdbcEnvironmentInitiator.getJdbcEnvironmentUsingJdbcMetadata(JdbcEnvironmentInitiator.java:320) ~[hibernate-core-6.6.2.Final.jar:6.6.2.Final]
	at org.hibernate.engine.jdbc.env.internal.JdbcEnvironmentInitiator.initiateService(JdbcEnvironmentInitiator.java:129) ~[hibernate-core-6.6.2.Final.jar:6.6.2.Final]
	at org.hibernate.engine.jdbc.env.internal.JdbcEnvironmentInitiator.initiateService(JdbcEnvironmentInitiator.java:81) ~[hibernate-core-6.6.2.Final.jar:6.6.2.Final]
	at org.hibernate.boot.registry.internal.StandardServiceRegistryImpl.initiateService(StandardServiceRegistryImpl.java:130) ~[hibernate-core-6.6.2.Final.jar:6.6.2.Final]
	at org.hibernate.service.internal.AbstractServiceRegistryImpl.createService(AbstractServiceRegistryImpl.java:263) ~[hibernate-core-6.6.2.Final.jar:6.6.2.Final]
	at org.hibernate.service.internal.AbstractServiceRegistryImpl.initializeService(AbstractServiceRegistryImpl.java:238) ~[hibernate-core-6.6.2.Final.jar:6.6.2.Final]
	at org.hibernate.service.internal.AbstractServiceRegistryImpl.getService(AbstractServiceRegistryImpl.java:215) ~[hibernate-core-6.6.2.Final.jar:6.6.2.Final]
	at org.hibernate.boot.model.relational.Database.<init>(Database.java:45) ~[hibernate-core-6.6.2.Final.jar:6.6.2.Final]
	at org.hibernate.boot.internal.InFlightMetadataCollectorImpl.getDatabase(InFlightMetadataCollectorImpl.java:226) ~[hibernate-core-6.6.2.Final.jar:6.6.2.Final]
	at org.hibernate.boot.internal.InFlightMetadataCollectorImpl.<init>(InFlightMetadataCollectorImpl.java:194) ~[hibernate-core-6.6.2.Final.jar:6.6.2.Final]
	at org.hibernate.boot.model.process.spi.MetadataBuildingProcess.complete(MetadataBuildingProcess.java:171) ~[hibernate-core-6.6.2.Final.jar:6.6.2.Final]
	at org.hibernate.jpa.boot.internal.EntityManagerFactoryBuilderImpl.metadata(EntityManagerFactoryBuilderImpl.java:1431) ~[hibernate-core-6.6.2.Final.jar:6.6.2.Final]
	at org.hibernate.jpa.boot.internal.EntityManagerFactoryBuilderImpl.build(EntityManagerFactoryBuilderImpl.java:1502) ~[hibernate-core-6.6.2.Final.jar:6.6.2.Final]
	at org.springframework.orm.jpa.vendor.SpringHibernateJpaPersistenceProvider.createContainerEntityManagerFactory(SpringHibernateJpaPersistenceProvider.java:66) ~[spring-orm-6.2.0.jar:6.2.0]
	at org.springframework.orm.jpa.LocalContainerEntityManagerFactoryBean.createNativeEntityManagerFactory(LocalContainerEntityManagerFactoryBean.java:390) ~[spring-orm-6.2.0.jar:6.2.0]
	at org.springframework.orm.jpa.AbstractEntityManagerFactoryBean.buildNativeEntityManagerFactory(AbstractEntityManagerFactoryBean.java:419) ~[spring-orm-6.2.0.jar:6.2.0]
	at org.springframework.orm.jpa.AbstractEntityManagerFactoryBean.afterPropertiesSet(AbstractEntityManagerFactoryBean.java:400) ~[spring-orm-6.2.0.jar:6.2.0]
	at org.springframework.orm.jpa.LocalContainerEntityManagerFactoryBean.afterPropertiesSet(LocalContainerEntityManagerFactoryBean.java:366) ~[spring-orm-6.2.0.jar:6.2.0]
	at org.springframework.beans.factory.support.AbstractAutowireCapableBeanFactory.invokeInitMethods(AbstractAutowireCapableBeanFactory.java:1849) ~[spring-beans-6.2.0.jar:6.2.0]
	at org.springframework.beans.factory.support.AbstractAutowireCapableBeanFactory.initializeBean(AbstractAutowireCapableBeanFactory.java:1798) ~[spring-beans-6.2.0.jar:6.2.0]
	at org.springframework.beans.factory.support.AbstractAutowireCapableBeanFactory.doCreateBean(AbstractAutowireCapableBeanFactory.java:601) ~[spring-beans-6.2.0.jar:6.2.0]
	at org.springframework.beans.factory.support.AbstractAutowireCapableBeanFactory.createBean(AbstractAutowireCapableBeanFactory.java:523) ~[spring-beans-6.2.0.jar:6.2.0]
	at org.springframework.beans.factory.support.AbstractBeanFactory.lambda$doGetBean$0(AbstractBeanFactory.java:336) ~[spring-beans-6.2.0.jar:6.2.0]
	at org.springframework.beans.factory.support.DefaultSingletonBeanRegistry.getSingleton(DefaultSingletonBeanRegistry.java:288) ~[spring-beans-6.2.0.jar:6.2.0]
	at org.springframework.beans.factory.support.AbstractBeanFactory.doGetBean(AbstractBeanFactory.java:334) ~[spring-beans-6.2.0.jar:6.2.0]
	at org.springframework.beans.factory.support.AbstractBeanFactory.getBean(AbstractBeanFactory.java:199) ~[spring-beans-6.2.0.jar:6.2.0]
	at org.springframework.beans.factory.support.BeanDefinitionValueResolver.resolveReference(BeanDefinitionValueResolver.java:365) ~[spring-beans-6.2.0.jar:6.2.0]
	at org.springframework.beans.factory.support.BeanDefinitionValueResolver.resolveValueIfNecessary(BeanDefinitionValueResolver.java:135) ~[spring-beans-6.2.0.jar:6.2.0]
	at org.springframework.beans.factory.support.ConstructorResolver.resolveConstructorArguments(ConstructorResolver.java:691) ~[spring-beans-6.2.0.jar:6.2.0]
	at org.springframework.beans.factory.support.ConstructorResolver.instantiateUsingFactoryMethod(ConstructorResolver.java:513) ~[spring-beans-6.2.0.jar:6.2.0]
	at org.springframework.beans.factory.support.AbstractAutowireCapableBeanFactory.instantiateUsingFactoryMethod(AbstractAutowireCapableBeanFactory.java:1351) ~[spring-beans-6.2.0.jar:6.2.0]
	at org.springframework.beans.factory.support.AbstractAutowireCapableBeanFactory.createBeanInstance(AbstractAutowireCapableBeanFactory.java:1181) ~[spring-beans-6.2.0.jar:6.2.0]
	at org.springframework.beans.factory.support.AbstractAutowireCapableBeanFactory.doCreateBean(AbstractAutowireCapableBeanFactory.java:563) ~[spring-beans-6.2.0.jar:6.2.0]
	at org.springframework.beans.factory.support.AbstractAutowireCapableBeanFactory.createBean(AbstractAutowireCapableBeanFactory.java:523) ~[spring-beans-6.2.0.jar:6.2.0]
	at org.springframework.beans.factory.support.AbstractBeanFactory.lambda$doGetBean$0(AbstractBeanFactory.java:336) ~[spring-beans-6.2.0.jar:6.2.0]
	at org.springframework.beans.factory.support.DefaultSingletonBeanRegistry.getSingleton(DefaultSingletonBeanRegistry.java:288) ~[spring-beans-6.2.0.jar:6.2.0]
	at org.springframework.beans.factory.support.AbstractBeanFactory.doGetBean(AbstractBeanFactory.java:334) ~[spring-beans-6.2.0.jar:6.2.0]
	at org.springframework.beans.factory.support.AbstractBeanFactory.getBean(AbstractBeanFactory.java:199) ~[spring-beans-6.2.0.jar:6.2.0]
	at org.springframework.beans.factory.support.BeanDefinitionValueResolver.resolveReference(BeanDefinitionValueResolver.java:365) ~[spring-beans-6.2.0.jar:6.2.0]
	at org.springframework.beans.factory.support.BeanDefinitionValueResolver.resolveValueIfNecessary(BeanDefinitionValueResolver.java:135) ~[spring-beans-6.2.0.jar:6.2.0]
	at org.springframework.beans.factory.support.AbstractAutowireCapableBeanFactory.applyPropertyValues(AbstractAutowireCapableBeanFactory.java:1701) ~[spring-beans-6.2.0.jar:6.2.0]
	at org.springframework.beans.factory.support.AbstractAutowireCapableBeanFactory.populateBean(AbstractAutowireCapableBeanFactory.java:1450) ~[spring-beans-6.2.0.jar:6.2.0]
	at org.springframework.beans.factory.support.AbstractAutowireCapableBeanFactory.doCreateBean(AbstractAutowireCapableBeanFactory.java:600) ~[spring-beans-6.2.0.jar:6.2.0]
	at org.springframework.beans.factory.support.AbstractAutowireCapableBeanFactory.createBean(AbstractAutowireCapableBeanFactory.java:523) ~[spring-beans-6.2.0.jar:6.2.0]
	at org.springframework.beans.factory.support.AbstractBeanFactory.lambda$doGetBean$0(AbstractBeanFactory.java:336) ~[spring-beans-6.2.0.jar:6.2.0]
	at org.springframework.beans.factory.support.DefaultSingletonBeanRegistry.getSingleton(DefaultSingletonBeanRegistry.java:288) ~[spring-beans-6.2.0.jar:6.2.0]
	at org.springframework.beans.factory.support.AbstractBeanFactory.doGetBean(AbstractBeanFactory.java:334) ~[spring-beans-6.2.0.jar:6.2.0]
	at org.springframework.beans.factory.support.AbstractBeanFactory.getBean(AbstractBeanFactory.java:199) ~[spring-beans-6.2.0.jar:6.2.0]
	at org.springframework.beans.factory.support.DefaultListableBeanFactory.doResolveDependency(DefaultListableBeanFactory.java:1568) ~[spring-beans-6.2.0.jar:6.2.0]
	at org.springframework.beans.factory.support.DefaultListableBeanFactory.resolveDependency(DefaultListableBeanFactory.java:1514) ~[spring-beans-6.2.0.jar:6.2.0]
	at org.springframework.beans.factory.support.ConstructorResolver.resolveAutowiredArgument(ConstructorResolver.java:913) ~[spring-beans-6.2.0.jar:6.2.0]
	at org.springframework.beans.factory.support.ConstructorResolver.createArgumentArray(ConstructorResolver.java:791) ~[spring-beans-6.2.0.jar:6.2.0]
	at org.springframework.beans.factory.support.ConstructorResolver.autowireConstructor(ConstructorResolver.java:240) ~[spring-beans-6.2.0.jar:6.2.0]
	at org.springframework.beans.factory.support.AbstractAutowireCapableBeanFactory.autowireConstructor(AbstractAutowireCapableBeanFactory.java:1371) ~[spring-beans-6.2.0.jar:6.2.0]
	at org.springframework.beans.factory.support.AbstractAutowireCapableBeanFactory.createBeanInstance(AbstractAutowireCapableBeanFactory.java:1208) ~[spring-beans-6.2.0.jar:6.2.0]
	at org.springframework.beans.factory.support.AbstractAutowireCapableBeanFactory.doCreateBean(AbstractAutowireCapableBeanFactory.java:563) ~[spring-beans-6.2.0.jar:6.2.0]
	at org.springframework.beans.factory.support.AbstractAutowireCapableBeanFactory.createBean(AbstractAutowireCapableBeanFactory.java:523) ~[spring-beans-6.2.0.jar:6.2.0]
	at org.springframework.beans.factory.support.AbstractBeanFactory.lambda$doGetBean$0(AbstractBeanFactory.java:336) ~[spring-beans-6.2.0.jar:6.2.0]
	at org.springframework.beans.factory.support.DefaultSingletonBeanRegistry.getSingleton(DefaultSingletonBeanRegistry.java:288) ~[spring-beans-6.2.0.jar:6.2.0]
	at org.springframework.beans.factory.support.AbstractBeanFactory.doGetBean(AbstractBeanFactory.java:334) ~[spring-beans-6.2.0.jar:6.2.0]
	at org.springframework.beans.factory.support.AbstractBeanFactory.getBean(AbstractBeanFactory.java:199) ~[spring-beans-6.2.0.jar:6.2.0]
	at org.springframework.beans.factory.config.DependencyDescriptor.resolveCandidate(DependencyDescriptor.java:254) ~[spring-beans-6.2.0.jar:6.2.0]
	at org.springframework.beans.factory.support.DefaultListableBeanFactory.doResolveDependency(DefaultListableBeanFactory.java:1626) ~[spring-beans-6.2.0.jar:6.2.0]
	at org.springframework.beans.factory.support.DefaultListableBeanFactory.resolveDependency(DefaultListableBeanFactory.java:1514) ~[spring-beans-6.2.0.jar:6.2.0]
	at org.springframework.beans.factory.support.ConstructorResolver.resolveAutowiredArgument(ConstructorResolver.java:913) ~[spring-beans-6.2.0.jar:6.2.0]
	at org.springframework.beans.factory.support.ConstructorResolver.createArgumentArray(ConstructorResolver.java:791) ~[spring-beans-6.2.0.jar:6.2.0]
	at org.springframework.beans.factory.support.ConstructorResolver.autowireConstructor(ConstructorResolver.java:240) ~[spring-beans-6.2.0.jar:6.2.0]
	at org.springframework.beans.factory.support.AbstractAutowireCapableBeanFactory.autowireConstructor(AbstractAutowireCapableBeanFactory.java:1371) ~[spring-beans-6.2.0.jar:6.2.0]
	at org.springframework.beans.factory.support.AbstractAutowireCapableBeanFactory.createBeanInstance(AbstractAutowireCapableBeanFactory.java:1208) ~[spring-beans-6.2.0.jar:6.2.0]
	at org.springframework.beans.factory.support.AbstractAutowireCapableBeanFactory.doCreateBean(AbstractAutowireCapableBeanFactory.java:563) ~[spring-beans-6.2.0.jar:6.2.0]
	at org.springframework.beans.factory.support.AbstractAutowireCapableBeanFactory.createBean(AbstractAutowireCapableBeanFactory.java:523) ~[spring-beans-6.2.0.jar:6.2.0]
	at org.springframework.beans.factory.support.AbstractBeanFactory.lambda$doGetBean$0(AbstractBeanFactory.java:336) ~[spring-beans-6.2.0.jar:6.2.0]
	at org.springframework.beans.factory.support.DefaultSingletonBeanRegistry.getSingleton(DefaultSingletonBeanRegistry.java:288) ~[spring-beans-6.2.0.jar:6.2.0]
	at org.springframework.beans.factory.support.AbstractBeanFactory.doGetBean(AbstractBeanFactory.java:334) ~[spring-beans-6.2.0.jar:6.2.0]
	at org.springframework.beans.factory.support.AbstractBeanFactory.getBean(AbstractBeanFactory.java:204) ~[spring-beans-6.2.0.jar:6.2.0]
	at org.springframework.boot.web.servlet.ServletContextInitializerBeans.getOrderedBeansOfType(ServletContextInitializerBeans.java:211) ~[spring-boot-3.4.0.jar:3.4.0]
	at org.springframework.boot.web.servlet.ServletContextInitializerBeans.addAsRegistrationBean(ServletContextInitializerBeans.java:174) ~[spring-boot-3.4.0.jar:3.4.0]
	at org.springframework.boot.web.servlet.ServletContextInitializerBeans.addAsRegistrationBean(ServletContextInitializerBeans.java:169) ~[spring-boot-3.4.0.jar:3.4.0]
	at org.springframework.boot.web.servlet.ServletContextInitializerBeans.addAdaptableBeans(ServletContextInitializerBeans.java:154) ~[spring-boot-3.4.0.jar:3.4.0]
	at org.springframework.boot.web.servlet.ServletContextInitializerBeans.<init>(ServletContextInitializerBeans.java:87) ~[spring-boot-3.4.0.jar:3.4.0]
	at org.springframework.boot.web.servlet.context.ServletWebServerApplicationContext.getServletContextInitializerBeans(ServletWebServerApplicationContext.java:266) ~[spring-boot-3.4.0.jar:3.4.0]
	at org.springframework.boot.web.servlet.context.ServletWebServerApplicationContext.selfInitialize(ServletWebServerApplicationContext.java:240) ~[spring-boot-3.4.0.jar:3.4.0]
	at org.springframework.boot.web.embedded.tomcat.TomcatStarter.onStartup(TomcatStarter.java:52) ~[spring-boot-3.4.0.jar:3.4.0]
	at org.apache.catalina.core.StandardContext.startInternal(StandardContext.java:4426) ~[tomcat-embed-core-10.1.33.jar:10.1.33]
	at org.apache.catalina.util.LifecycleBase.start(LifecycleBase.java:164) ~[tomcat-embed-core-10.1.33.jar:10.1.33]
	at org.apache.catalina.core.ContainerBase$StartChild.call(ContainerBase.java:1203) ~[tomcat-embed-core-10.1.33.jar:10.1.33]
	at org.apache.catalina.core.ContainerBase$StartChild.call(ContainerBase.java:1193) ~[tomcat-embed-core-10.1.33.jar:10.1.33]
	at java.base/java.util.concurrent.FutureTask.run(FutureTask.java:317) ~[na:na]
	at org.apache.tomcat.util.threads.InlineExecutorService.execute(InlineExecutorService.java:75) ~[tomcat-embed-core-10.1.33.jar:10.1.33]
	at java.base/java.util.concurrent.AbstractExecutorService.submit(AbstractExecutorService.java:145) ~[na:na]
	at org.apache.catalina.core.ContainerBase.startInternal(ContainerBase.java:749) ~[tomcat-embed-core-10.1.33.jar:10.1.33]
	at org.apache.catalina.core.StandardHost.startInternal(StandardHost.java:772) ~[tomcat-embed-core-10.1.33.jar:10.1.33]
	at org.apache.catalina.util.LifecycleBase.start(LifecycleBase.java:164) ~[tomcat-embed-core-10.1.33.jar:10.1.33]
	at org.apache.catalina.core.ContainerBase$StartChild.call(ContainerBase.java:1203) ~[tomcat-embed-core-10.1.33.jar:10.1.33]
	at org.apache.catalina.core.ContainerBase$StartChild.call(ContainerBase.java:1193) ~[tomcat-embed-core-10.1.33.jar:10.1.33]
	at java.base/java.util.concurrent.FutureTask.run(FutureTask.java:317) ~[na:na]
	at org.apache.tomcat.util.threads.InlineExecutorService.execute(InlineExecutorService.java:75) ~[tomcat-embed-core-10.1.33.jar:10.1.33]
	at java.base/java.util.concurrent.AbstractExecutorService.submit(AbstractExecutorService.java:145) ~[na:na]
	at org.apache.catalina.core.ContainerBase.startInternal(ContainerBase.java:749) ~[tomcat-embed-core-10.1.33.jar:10.1.33]
	at org.apache.catalina.core.StandardEngine.startInternal(StandardEngine.java:203) ~[tomcat-embed-core-10.1.33.jar:10.1.33]
	at org.apache.catalina.util.LifecycleBase.start(LifecycleBase.java:164) ~[tomcat-embed-core-10.1.33.jar:10.1.33]
	at org.apache.catalina.core.StandardService.startInternal(StandardService.java:415) ~[tomcat-embed-core-10.1.33.jar:10.1.33]
	at org.apache.catalina.util.LifecycleBase.start(LifecycleBase.java:164) ~[tomcat-embed-core-10.1.33.jar:10.1.33]
	at org.apache.catalina.core.StandardServer.startInternal(StandardServer.java:870) ~[tomcat-embed-core-10.1.33.jar:10.1.33]
	at org.apache.catalina.util.LifecycleBase.start(LifecycleBase.java:164) ~[tomcat-embed-core-10.1.33.jar:10.1.33]
	at org.apache.catalina.startup.Tomcat.start(Tomcat.java:437) ~[tomcat-embed-core-10.1.33.jar:10.1.33]
	at org.springframework.boot.web.embedded.tomcat.TomcatWebServer.initialize(TomcatWebServer.java:128) ~[spring-boot-3.4.0.jar:3.4.0]
	at org.springframework.boot.web.embedded.tomcat.TomcatWebServer.<init>(TomcatWebServer.java:107) ~[spring-boot-3.4.0.jar:3.4.0]
	at org.springframework.boot.web.embedded.tomcat.TomcatServletWebServerFactory.getTomcatWebServer(TomcatServletWebServerFactory.java:516) ~[spring-boot-3.4.0.jar:3.4.0]
	at org.springframework.boot.web.embedded.tomcat.TomcatServletWebServerFactory.getWebServer(TomcatServletWebServerFactory.java:222) ~[spring-boot-3.4.0.jar:3.4.0]
	at org.springframework.boot.web.servlet.context.ServletWebServerApplicationContext.createWebServer(ServletWebServerApplicationContext.java:188) ~[spring-boot-3.4.0.jar:3.4.0]
	at org.springframework.boot.web.servlet.context.ServletWebServerApplicationContext.onRefresh(ServletWebServerApplicationContext.java:162) ~[spring-boot-3.4.0.jar:3.4.0]
	at org.springframework.context.support.AbstractApplicationContext.refresh(AbstractApplicationContext.java:621) ~[spring-context-6.2.0.jar:6.2.0]
	at org.springframework.boot.web.servlet.context.ServletWebServerApplicationContext.refresh(ServletWebServerApplicationContext.java:146) ~[spring-boot-3.4.0.jar:3.4.0]
	at org.springframework.boot.SpringApplication.refresh(SpringApplication.java:752) ~[spring-boot-3.4.0.jar:3.4.0]
	at org.springframework.boot.SpringApplication.refreshContext(SpringApplication.java:439) ~[spring-boot-3.4.0.jar:3.4.0]
	at org.springframework.boot.SpringApplication.run(SpringApplication.java:318) ~[spring-boot-3.4.0.jar:3.4.0]
	at org.springframework.boot.SpringApplication.run(SpringApplication.java:1361) ~[spring-boot-3.4.0.jar:3.4.0]
	at org.springframework.boot.SpringApplication.run(SpringApplication.java:1350) ~[spring-boot-3.4.0.jar:3.4.0]
	at com.nchl.merchantbusiness.MerchantBusinessGatewayApplication.main(MerchantBusinessGatewayApplication.java:10) ~[classes/:na]
Caused by: org.postgresql.util.PSQLException: FATAL: password authentication failed for user "postgres"
	at org.postgresql.core.v3.ConnectionFactoryImpl.doAuthentication(ConnectionFactoryImpl.java:711) ~[postgresql-42.7.4.jar:42.7.4]
	at org.postgresql.core.v3.ConnectionFactoryImpl.tryConnect(ConnectionFactoryImpl.java:213) ~[postgresql-42.7.4.jar:42.7.4]
	at org.postgresql.core.v3.ConnectionFactoryImpl.openConnectionImpl(ConnectionFactoryImpl.java:268) ~[postgresql-42.7.4.jar:42.7.4]
	at org.postgresql.core.ConnectionFactory.openConnection(ConnectionFactory.java:54) ~[postgresql-42.7.4.jar:42.7.4]
	at org.postgresql.jdbc.PgConnection.<init>(PgConnection.java:273) ~[postgresql-42.7.4.jar:42.7.4]
	at org.postgresql.Driver.makeConnection(Driver.java:446) ~[postgresql-42.7.4.jar:42.7.4]
	at org.postgresql.Driver.connect(Driver.java:298) ~[postgresql-42.7.4.jar:42.7.4]
	at com.zaxxer.hikari.util.DriverDataSource.getConnection(DriverDataSource.java:137) ~[HikariCP-5.1.0.jar:na]
	at com.zaxxer.hikari.pool.PoolBase.newConnection(PoolBase.java:360) ~[HikariCP-5.1.0.jar:na]
	at com.zaxxer.hikari.pool.PoolBase.newPoolEntry(PoolBase.java:202) ~[HikariCP-5.1.0.jar:na]
	at com.zaxxer.hikari.pool.HikariPool.createPoolEntry(HikariPool.java:461) ~[HikariCP-5.1.0.jar:na]
	at com.zaxxer.hikari.pool.HikariPool.checkFailFast(HikariPool.java:550) ~[HikariCP-5.1.0.jar:na]
	at com.zaxxer.hikari.pool.HikariPool.<init>(HikariPool.java:98) ~[HikariCP-5.1.0.jar:na]
	at com.zaxxer.hikari.HikariDataSource.getConnection(HikariDataSource.java:111) ~[HikariCP-5.1.0.jar:na]
	at org.hibernate.engine.jdbc.connections.internal.DatasourceConnectionProviderImpl.getConnection(DatasourceConnectionProviderImpl.java:126) ~[hibernate-core-6.6.2.Final.jar:6.6.2.Final]
	at org.hibernate.engine.jdbc.env.internal.JdbcEnvironmentInitiator$ConnectionProviderJdbcConnectionAccess.obtainConnection(JdbcEnvironmentInitiator.java:467) ~[hibernate-core-6.6.2.Final.jar:6.6.2.Final]
	at org.hibernate.resource.transaction.backend.jdbc.internal.JdbcIsolationDelegate.delegateWork(JdbcIsolationDelegate.java:61) ~[hibernate-core-6.6.2.Final.jar:6.6.2.Final]
	... 120 common frames omitted

2025-05-20T13:23:03.568+05:45  WARN 27564 --- [merchant-business-gateway] [main] org.hibernate.orm.deprecation            : HHH90000025: PostgreSQLDialect does not need to be specified explicitly using 'hibernate.dialect' (remove the property setting and it will be selected by default)
2025-05-20T13:23:03.574+05:45  INFO 27564 --- [merchant-business-gateway] [main] org.hibernate.orm.connections.pooling    : HHH10001005: Database info:
	Database JDBC URL [Connecting through datasource 'HikariDataSource (null)']
	Database driver: undefined/unknown
	Database version: 12.0
	Autocommit mode: undefined/unknown
	Isolation level: undefined/unknown
	Minimum pool size: undefined/unknown
	Maximum pool size: undefined/unknown
2025-05-20T13:23:04.104+05:45  INFO 27564 --- [merchant-business-gateway] [main] o.h.e.t.j.p.i.JtaPlatformInitiator       : HHH000489: No JTA platform available (set 'hibernate.transaction.jta.platform' to enable JTA platform integration)
2025-05-20T13:23:04.106+05:45  INFO 27564 --- [merchant-business-gateway] [main] j.LocalContainerEntityManagerFactoryBean : Initialized JPA EntityManagerFactory for persistence unit 'default'
2025-05-20T13:23:04.357+05:45 DEBUG 27564 --- [merchant-business-gateway] [main] c.n.m.config.JwtAuthenticationFilter     : Filter 'jwtAuthenticationFilter' configured for use
2025-05-20T13:23:04.358+05:45 DEBUG 27564 --- [merchant-business-gateway] [main] o.s.w.f.ServerHttpObservationFilter      : Filter 'webMvcObservationFilter' configured for use
2025-05-20T13:23:04.412+05:45  INFO 27564 --- [merchant-business-gateway] [main] eAuthenticationProviderManagerConfigurer : Global AuthenticationManager configured with AuthenticationProvider bean with name authenticationProvider
2025-05-20T13:23:04.413+05:45  WARN 27564 --- [merchant-business-gateway] [main] r$InitializeUserDetailsManagerConfigurer : Global AuthenticationManager configured with an AuthenticationProvider bean. UserDetailsService beans will not be used by Spring Security for automatically configuring username/password login. Consider removing the AuthenticationProvider bean. Alternatively, consider using the UserDetailsService in a manually instantiated DaoAuthenticationProvider. If the current configuration is intentional, to turn off this warning, increase the logging level of 'org.springframework.security.config.annotation.authentication.configuration.InitializeUserDetailsBeanManagerConfigurer' to ERROR
2025-05-20T13:23:04.466+05:45  WARN 27564 --- [merchant-business-gateway] [main] JpaBaseConfiguration$JpaWebConfiguration : spring.jpa.open-in-view is enabled by default. Therefore, database queries may be performed during view rendering. Explicitly configure spring.jpa.open-in-view to disable this warning
2025-05-20T13:23:04.672+05:45 DEBUG 27564 --- [merchant-business-gateway] [main] s.w.s.m.m.a.RequestMappingHandlerMapping : 6 mappings in 'requestMappingHandlerMapping'
2025-05-20T13:23:04.789+05:45 DEBUG 27564 --- [merchant-business-gateway] [main] o.s.w.s.handler.SimpleUrlHandlerMapping  : Patterns [/webjars/**, /**] in 'resourceHandlerMapping'
2025-05-20T13:23:04.924+05:45  INFO 27564 --- [merchant-business-gateway] [main] o.s.b.a.e.web.EndpointLinksResolver      : Exposing 1 endpoint beneath base path '/actuator'
2025-05-20T13:23:05.129+05:45 DEBUG 27564 --- [merchant-business-gateway] [main] s.w.s.m.m.a.RequestMappingHandlerAdapter : ControllerAdvice beans: 0 @ModelAttribute, 0 @InitBinder, 1 RequestBodyAdvice, 1 ResponseBodyAdvice
2025-05-20T13:23:05.174+05:45 DEBUG 27564 --- [merchant-business-gateway] [main] .m.m.a.ExceptionHandlerExceptionResolver : ControllerAdvice beans: 1 @ExceptionHandler, 1 ResponseBodyAdvice
2025-05-20T13:23:05.388+05:45  INFO 27564 --- [merchant-business-gateway] [main] o.s.b.w.embedded.tomcat.TomcatWebServer  : Tomcat started on port 8080 (http) with context path '/'
2025-05-20T13:23:05.397+05:45  INFO 27564 --- [merchant-business-gateway] [main] c.n.m.MerchantBusinessGatewayApplication : Started MerchantBusinessGatewayApplication in 6.098 seconds (process running for 6.366)
2025-05-20T13:23:21.749+05:45  INFO 27564 --- [merchant-business-gateway] [http-nio-8080-exec-1] o.a.c.c.C.[Tomcat].[localhost].[/]       : Initializing Spring DispatcherServlet 'dispatcherServlet'
2025-05-20T13:23:21.750+05:45  INFO 27564 --- [merchant-business-gateway] [http-nio-8080-exec-1] o.s.web.servlet.DispatcherServlet        : Initializing Servlet 'dispatcherServlet'
2025-05-20T13:23:21.750+05:45 DEBUG 27564 --- [merchant-business-gateway] [http-nio-8080-exec-1] o.s.web.servlet.DispatcherServlet        : Detected StandardServletMultipartResolver
2025-05-20T13:23:21.751+05:45 DEBUG 27564 --- [merchant-business-gateway] [http-nio-8080-exec-1] o.s.web.servlet.DispatcherServlet        : Detected AcceptHeaderLocaleResolver
2025-05-20T13:23:21.751+05:45 DEBUG 27564 --- [merchant-business-gateway] [http-nio-8080-exec-1] o.s.web.servlet.DispatcherServlet        : Detected FixedThemeResolver
2025-05-20T13:23:21.751+05:45 DEBUG 27564 --- [merchant-business-gateway] [http-nio-8080-exec-1] o.s.web.servlet.DispatcherServlet        : Detected org.springframework.web.servlet.view.DefaultRequestToViewNameTranslator@63f609a4
2025-05-20T13:23:21.752+05:45 DEBUG 27564 --- [merchant-business-gateway] [http-nio-8080-exec-1] o.s.web.servlet.DispatcherServlet        : Detected org.springframework.web.servlet.support.SessionFlashMapManager@1da40ae8
2025-05-20T13:23:21.752+05:45 DEBUG 27564 --- [merchant-business-gateway] [http-nio-8080-exec-1] o.s.web.servlet.DispatcherServlet        : enableLoggingRequestDetails='false': request parameters and headers will be masked to prevent unsafe logging of potentially sensitive data
2025-05-20T13:23:21.753+05:45  INFO 27564 --- [merchant-business-gateway] [http-nio-8080-exec-1] o.s.web.servlet.DispatcherServlet        : Completed initialization in 3 ms
2025-05-20T13:23:21.819+05:45 DEBUG 27564 --- [merchant-business-gateway] [http-nio-8080-exec-1] o.s.web.servlet.DispatcherServlet        : POST "/api/v1/auth/authenticate", parameters={}
2025-05-20T13:23:21.821+05:45 DEBUG 27564 --- [merchant-business-gateway] [http-nio-8080-exec-1] s.w.s.m.m.a.RequestMappingHandlerMapping : Mapped to com.nchl.merchantbusiness.controller.AuthController#authenticate(AuthRequest)
2025-05-20T13:23:21.923+05:45 DEBUG 27564 --- [merchant-business-gateway] [http-nio-8080-exec-1] m.m.a.RequestResponseBodyMethodProcessor : Read "application/json;charset=UTF-8" to [AuthRequest(username=admin_FrancisHopkins, password=Abcd@1234)]
2025-05-20T13:23:22.065+05:45  INFO 27564 --- [merchant-business-gateway] [http-nio-8080-exec-1] com.zaxxer.hikari.HikariDataSource       : HikariPool-1 - Starting...
2025-05-20T13:23:23.094+05:45  WARN 27564 --- [merchant-business-gateway] [http-nio-8080-exec-1] o.h.engine.jdbc.spi.SqlExceptionHelper   : SQL Error: 0, SQLState: 28P01
2025-05-20T13:23:23.097+05:45 ERROR 27564 --- [merchant-business-gateway] [http-nio-8080-exec-1] o.h.engine.jdbc.spi.SqlExceptionHelper   : FATAL: password authentication failed for user "postgres"
2025-05-20T13:23:23.124+05:45 DEBUG 27564 --- [merchant-business-gateway] [http-nio-8080-exec-1] .m.m.a.ExceptionHandlerExceptionResolver : Using @ExceptionHandler com.nchl.merchantbusiness.exception.GlobalExceptionHandler#handleGeneralException(Exception)
2025-05-20T13:23:23.137+05:45 DEBUG 27564 --- [merchant-business-gateway] [http-nio-8080-exec-1] o.s.w.s.m.m.a.HttpEntityMethodProcessor  : Using 'text/plain', given [*/*] and supported [text/plain, */*, application/json, application/*+json]
2025-05-20T13:23:23.138+05:45 DEBUG 27564 --- [merchant-business-gateway] [http-nio-8080-exec-1] o.s.w.s.m.m.a.HttpEntityMethodProcessor  : Writing ["Error: Unable to acquire JDBC Connection [FATAL: password authentication failed for user "postgres"] (truncated)..."]
2025-05-20T13:23:23.146+05:45 DEBUG 27564 --- [merchant-business-gateway] [http-nio-8080-exec-1] .m.m.a.ExceptionHandlerExceptionResolver : Resolved [org.springframework.orm.jpa.JpaSystemException: Unable to acquire JDBC Connection [FATAL: password authentication failed for user "postgres"] [n/a]]
2025-05-20T13:23:23.148+05:45 DEBUG 27564 --- [merchant-business-gateway] [http-nio-8080-exec-1] o.s.web.servlet.DispatcherServlet        : Completed 500 INTERNAL_SERVER_ERROR
2025-05-20T13:25:58.833+05:45  INFO 27564 --- [merchant-business-gateway] [SpringApplicationShutdownHook] o.s.b.w.e.tomcat.GracefulShutdown        : Commencing graceful shutdown. Waiting for active requests to complete
2025-05-20T13:25:58.836+05:45  INFO 27564 --- [merchant-business-gateway] [tomcat-shutdown] o.s.b.w.e.tomcat.GracefulShutdown        : Graceful shutdown complete
2025-05-20T13:25:58.839+05:45  INFO 27564 --- [merchant-business-gateway] [SpringApplicationShutdownHook] j.LocalContainerEntityManagerFactoryBean : Closing JPA EntityManagerFactory for persistence unit 'default'
2025-05-20T13:26:00.146+05:45  INFO 4468 --- [merchant-business-gateway] [main] c.n.m.MerchantBusinessGatewayApplication : Starting MerchantBusinessGatewayApplication using Java 21.0.6 with PID 4468 (D:\nchl-files\merchant-business-gateway\target\classes started by pramodgautam in D:\nchl-files\merchant-business-gateway)
2025-05-20T13:26:00.147+05:45 DEBUG 4468 --- [merchant-business-gateway] [main] c.n.m.MerchantBusinessGatewayApplication : Running with Spring Boot v3.4.0, Spring v6.2.0
2025-05-20T13:26:00.148+05:45  INFO 4468 --- [merchant-business-gateway] [main] c.n.m.MerchantBusinessGatewayApplication : No active profile set, falling back to 1 default profile: "default"
2025-05-20T13:26:00.790+05:45  INFO 4468 --- [merchant-business-gateway] [main] .s.d.r.c.RepositoryConfigurationDelegate : Bootstrapping Spring Data JPA repositories in DEFAULT mode.
2025-05-20T13:26:00.828+05:45  INFO 4468 --- [merchant-business-gateway] [main] .s.d.r.c.RepositoryConfigurationDelegate : Finished Spring Data repository scanning in 32 ms. Found 2 JPA repository interfaces.
2025-05-20T13:26:01.398+05:45  INFO 4468 --- [merchant-business-gateway] [main] o.s.b.w.embedded.tomcat.TomcatWebServer  : Tomcat initialized with port 8080 (http)
2025-05-20T13:26:01.408+05:45  INFO 4468 --- [merchant-business-gateway] [main] o.apache.catalina.core.StandardService   : Starting service [Tomcat]
2025-05-20T13:26:01.409+05:45  INFO 4468 --- [merchant-business-gateway] [main] o.apache.catalina.core.StandardEngine    : Starting Servlet engine: [Apache Tomcat/10.1.33]
2025-05-20T13:26:01.455+05:45  INFO 4468 --- [merchant-business-gateway] [main] o.a.c.c.C.[Tomcat].[localhost].[/]       : Initializing Spring embedded WebApplicationContext
2025-05-20T13:26:01.455+05:45  INFO 4468 --- [merchant-business-gateway] [main] w.s.c.ServletWebServerApplicationContext : Root WebApplicationContext: initialization completed in 1280 ms
2025-05-20T13:26:01.683+05:45  INFO 4468 --- [merchant-business-gateway] [main] com.zaxxer.hikari.HikariDataSource       : HikariPool-1 - Starting...
2025-05-20T13:26:01.769+05:45  INFO 4468 --- [merchant-business-gateway] [main] com.zaxxer.hikari.pool.HikariPool        : HikariPool-1 - Added connection org.postgresql.jdbc.PgConnection@600bbf9e
2025-05-20T13:26:01.770+05:45  INFO 4468 --- [merchant-business-gateway] [main] com.zaxxer.hikari.HikariDataSource       : HikariPool-1 - Start completed.
2025-05-20T13:26:01.813+05:45  INFO 4468 --- [merchant-business-gateway] [main] o.hibernate.jpa.internal.util.LogHelper  : HHH000204: Processing PersistenceUnitInfo [name: default]
2025-05-20T13:26:01.897+05:45  INFO 4468 --- [merchant-business-gateway] [main] org.hibernate.Version                    : HHH000412: Hibernate ORM core version 6.6.2.Final
2025-05-20T13:26:01.923+05:45  INFO 4468 --- [merchant-business-gateway] [main] o.h.c.internal.RegionFactoryInitiator    : HHH000026: Second-level cache disabled
2025-05-20T13:26:02.140+05:45  INFO 4468 --- [merchant-business-gateway] [main] o.s.o.j.p.SpringPersistenceUnitInfo      : No LoadTimeWeaver setup: ignoring JPA class transformer
2025-05-20T13:26:02.173+05:45  WARN 4468 --- [merchant-business-gateway] [main] org.hibernate.dialect.Dialect            : HHH000511: The 10.5.0 version for [org.hibernate.dialect.PostgreSQLDialect] is no longer supported, hence certain features may not work properly. The minimum supported version is 12.0.0. Check the community dialects project for available legacy versions.
2025-05-20T13:26:02.177+05:45  WARN 4468 --- [merchant-business-gateway] [main] org.hibernate.orm.deprecation            : HHH90000025: PostgreSQLDialect does not need to be specified explicitly using 'hibernate.dialect' (remove the property setting and it will be selected by default)
2025-05-20T13:26:02.186+05:45  INFO 4468 --- [merchant-business-gateway] [main] org.hibernate.orm.connections.pooling    : HHH10001005: Database info:
	Database JDBC URL [Connecting through datasource 'HikariDataSource (HikariPool-1)']
	Database driver: undefined/unknown
	Database version: 10.5
	Autocommit mode: undefined/unknown
	Isolation level: undefined/unknown
	Minimum pool size: undefined/unknown
	Maximum pool size: undefined/unknown
2025-05-20T13:26:02.728+05:45  INFO 4468 --- [merchant-business-gateway] [main] o.h.e.t.j.p.i.JtaPlatformInitiator       : HHH000489: No JTA platform available (set 'hibernate.transaction.jta.platform' to enable JTA platform integration)
2025-05-20T13:26:02.730+05:45  INFO 4468 --- [merchant-business-gateway] [main] j.LocalContainerEntityManagerFactoryBean : Initialized JPA EntityManagerFactory for persistence unit 'default'
2025-05-20T13:26:03.063+05:45 DEBUG 4468 --- [merchant-business-gateway] [main] c.n.m.config.JwtAuthenticationFilter     : Filter 'jwtAuthenticationFilter' configured for use
2025-05-20T13:26:03.064+05:45 DEBUG 4468 --- [merchant-business-gateway] [main] o.s.w.f.ServerHttpObservationFilter      : Filter 'webMvcObservationFilter' configured for use
2025-05-20T13:26:03.124+05:45  INFO 4468 --- [merchant-business-gateway] [main] eAuthenticationProviderManagerConfigurer : Global AuthenticationManager configured with AuthenticationProvider bean with name authenticationProvider
2025-05-20T13:26:03.125+05:45  WARN 4468 --- [merchant-business-gateway] [main] r$InitializeUserDetailsManagerConfigurer : Global AuthenticationManager configured with an AuthenticationProvider bean. UserDetailsService beans will not be used by Spring Security for automatically configuring username/password login. Consider removing the AuthenticationProvider bean. Alternatively, consider using the UserDetailsService in a manually instantiated DaoAuthenticationProvider. If the current configuration is intentional, to turn off this warning, increase the logging level of 'org.springframework.security.config.annotation.authentication.configuration.InitializeUserDetailsBeanManagerConfigurer' to ERROR
2025-05-20T13:26:03.191+05:45  WARN 4468 --- [merchant-business-gateway] [main] JpaBaseConfiguration$JpaWebConfiguration : spring.jpa.open-in-view is enabled by default. Therefore, database queries may be performed during view rendering. Explicitly configure spring.jpa.open-in-view to disable this warning
2025-05-20T13:26:03.381+05:45 DEBUG 4468 --- [merchant-business-gateway] [main] s.w.s.m.m.a.RequestMappingHandlerMapping : 6 mappings in 'requestMappingHandlerMapping'
2025-05-20T13:26:03.483+05:45 DEBUG 4468 --- [merchant-business-gateway] [main] o.s.w.s.handler.SimpleUrlHandlerMapping  : Patterns [/webjars/**, /**] in 'resourceHandlerMapping'
2025-05-20T13:26:03.603+05:45  INFO 4468 --- [merchant-business-gateway] [main] o.s.b.a.e.web.EndpointLinksResolver      : Exposing 1 endpoint beneath base path '/actuator'
2025-05-20T13:26:03.818+05:45 DEBUG 4468 --- [merchant-business-gateway] [main] s.w.s.m.m.a.RequestMappingHandlerAdapter : ControllerAdvice beans: 0 @ModelAttribute, 0 @InitBinder, 1 RequestBodyAdvice, 1 ResponseBodyAdvice
2025-05-20T13:26:03.886+05:45 DEBUG 4468 --- [merchant-business-gateway] [main] .m.m.a.ExceptionHandlerExceptionResolver : ControllerAdvice beans: 1 @ExceptionHandler, 1 ResponseBodyAdvice
2025-05-20T13:26:04.177+05:45  INFO 4468 --- [merchant-business-gateway] [main] o.s.b.w.embedded.tomcat.TomcatWebServer  : Tomcat started on port 8080 (http) with context path '/'
2025-05-20T13:26:04.186+05:45  INFO 4468 --- [merchant-business-gateway] [main] c.n.m.MerchantBusinessGatewayApplication : Started MerchantBusinessGatewayApplication in 4.38 seconds (process running for 4.632)
2025-05-20T13:26:08.989+05:45  INFO 4468 --- [merchant-business-gateway] [http-nio-8080-exec-1] o.a.c.c.C.[Tomcat].[localhost].[/]       : Initializing Spring DispatcherServlet 'dispatcherServlet'
2025-05-20T13:26:08.989+05:45  INFO 4468 --- [merchant-business-gateway] [http-nio-8080-exec-1] o.s.web.servlet.DispatcherServlet        : Initializing Servlet 'dispatcherServlet'
2025-05-20T13:26:08.989+05:45 DEBUG 4468 --- [merchant-business-gateway] [http-nio-8080-exec-1] o.s.web.servlet.DispatcherServlet        : Detected StandardServletMultipartResolver
2025-05-20T13:26:08.989+05:45 DEBUG 4468 --- [merchant-business-gateway] [http-nio-8080-exec-1] o.s.web.servlet.DispatcherServlet        : Detected AcceptHeaderLocaleResolver
2025-05-20T13:26:08.990+05:45 DEBUG 4468 --- [merchant-business-gateway] [http-nio-8080-exec-1] o.s.web.servlet.DispatcherServlet        : Detected FixedThemeResolver
2025-05-20T13:26:08.990+05:45 DEBUG 4468 --- [merchant-business-gateway] [http-nio-8080-exec-1] o.s.web.servlet.DispatcherServlet        : Detected org.springframework.web.servlet.view.DefaultRequestToViewNameTranslator@45aa02de
2025-05-20T13:26:08.991+05:45 DEBUG 4468 --- [merchant-business-gateway] [http-nio-8080-exec-1] o.s.web.servlet.DispatcherServlet        : Detected org.springframework.web.servlet.support.SessionFlashMapManager@15844237
2025-05-20T13:26:08.991+05:45 DEBUG 4468 --- [merchant-business-gateway] [http-nio-8080-exec-1] o.s.web.servlet.DispatcherServlet        : enableLoggingRequestDetails='false': request parameters and headers will be masked to prevent unsafe logging of potentially sensitive data
2025-05-20T13:26:08.991+05:45  INFO 4468 --- [merchant-business-gateway] [http-nio-8080-exec-1] o.s.web.servlet.DispatcherServlet        : Completed initialization in 2 ms
2025-05-20T13:26:09.014+05:45 DEBUG 4468 --- [merchant-business-gateway] [http-nio-8080-exec-1] o.s.web.servlet.DispatcherServlet        : POST "/api/v1/auth/authenticate", parameters={}
2025-05-20T13:26:09.015+05:45 DEBUG 4468 --- [merchant-business-gateway] [http-nio-8080-exec-1] s.w.s.m.m.a.RequestMappingHandlerMapping : Mapped to com.nchl.merchantbusiness.controller.AuthController#authenticate(AuthRequest)
2025-05-20T13:26:09.068+05:45 DEBUG 4468 --- [merchant-business-gateway] [http-nio-8080-exec-1] m.m.a.RequestResponseBodyMethodProcessor : Read "application/json;charset=UTF-8" to [AuthRequest(username=admin_FrancisHopkins, password=Abcd@1234)]
2025-05-20T13:26:09.356+05:45 DEBUG 4468 --- [merchant-business-gateway] [http-nio-8080-exec-1] o.s.w.s.m.m.a.HttpEntityMethodProcessor  : Using 'application/json', given [*/*] and supported [application/json, application/*+json]
2025-05-20T13:26:09.358+05:45 DEBUG 4468 --- [merchant-business-gateway] [http-nio-8080-exec-1] o.s.w.s.m.m.a.HttpEntityMethodProcessor  : Writing [AuthResponse(responseCode=000, responseMessage=User authenticated successfully., token=eyJhbGciOiJIU (truncated)...]
2025-05-20T13:26:09.362+05:45 DEBUG 4468 --- [merchant-business-gateway] [http-nio-8080-exec-1] o.s.web.servlet.DispatcherServlet        : Completed 200 OK
2025-05-20T13:26:32.056+05:45  INFO 4468 --- [merchant-business-gateway] [SpringApplicationShutdownHook] o.s.b.w.e.tomcat.GracefulShutdown        : Commencing graceful shutdown. Waiting for active requests to complete
2025-05-20T13:26:32.058+05:45  INFO 4468 --- [merchant-business-gateway] [tomcat-shutdown] o.s.b.w.e.tomcat.GracefulShutdown        : Graceful shutdown complete
2025-05-20T13:26:32.061+05:45  INFO 4468 --- [merchant-business-gateway] [SpringApplicationShutdownHook] j.LocalContainerEntityManagerFactoryBean : Closing JPA EntityManagerFactory for persistence unit 'default'
2025-05-20T13:26:32.062+05:45  INFO 4468 --- [merchant-business-gateway] [SpringApplicationShutdownHook] com.zaxxer.hikari.HikariDataSource       : HikariPool-1 - Shutdown initiated...
2025-05-20T13:26:32.067+05:45  INFO 4468 --- [merchant-business-gateway] [SpringApplicationShutdownHook] com.zaxxer.hikari.HikariDataSource       : HikariPool-1 - Shutdown completed.
2025-05-20T15:15:48.447+05:45  INFO 11828 --- [merchant-business-gateway] [main] c.n.m.MerchantBusinessGatewayApplication : Starting MerchantBusinessGatewayApplication using Java 21.0.6 with PID 11828 (D:\nchl-files\merchant-business-gateway\target\classes started by pramodgautam in D:\nchl-files\merchant-business-gateway)
2025-05-20T15:15:48.448+05:45 DEBUG 11828 --- [merchant-business-gateway] [main] c.n.m.MerchantBusinessGatewayApplication : Running with Spring Boot v3.4.0, Spring v6.2.0
2025-05-20T15:15:48.449+05:45  INFO 11828 --- [merchant-business-gateway] [main] c.n.m.MerchantBusinessGatewayApplication : No active profile set, falling back to 1 default profile: "default"
2025-05-20T15:15:49.188+05:45  INFO 11828 --- [merchant-business-gateway] [main] .s.d.r.c.RepositoryConfigurationDelegate : Bootstrapping Spring Data JPA repositories in DEFAULT mode.
2025-05-20T15:15:49.242+05:45  INFO 11828 --- [merchant-business-gateway] [main] .s.d.r.c.RepositoryConfigurationDelegate : Finished Spring Data repository scanning in 47 ms. Found 2 JPA repository interfaces.
2025-05-20T15:15:49.893+05:45  INFO 11828 --- [merchant-business-gateway] [main] o.s.b.w.embedded.tomcat.TomcatWebServer  : Tomcat initialized with port 8080 (http)
2025-05-20T15:15:49.905+05:45  INFO 11828 --- [merchant-business-gateway] [main] o.apache.catalina.core.StandardService   : Starting service [Tomcat]
2025-05-20T15:15:49.905+05:45  INFO 11828 --- [merchant-business-gateway] [main] o.apache.catalina.core.StandardEngine    : Starting Servlet engine: [Apache Tomcat/10.1.33]
2025-05-20T15:15:49.965+05:45  INFO 11828 --- [merchant-business-gateway] [main] o.a.c.c.C.[Tomcat].[localhost].[/]       : Initializing Spring embedded WebApplicationContext
2025-05-20T15:15:49.966+05:45  INFO 11828 --- [merchant-business-gateway] [main] w.s.c.ServletWebServerApplicationContext : Root WebApplicationContext: initialization completed in 1488 ms
2025-05-20T15:15:50.175+05:45  INFO 11828 --- [merchant-business-gateway] [main] com.zaxxer.hikari.HikariDataSource       : HikariPool-1 - Starting...
2025-05-20T15:15:50.269+05:45  INFO 11828 --- [merchant-business-gateway] [main] com.zaxxer.hikari.pool.HikariPool        : HikariPool-1 - Added connection org.postgresql.jdbc.PgConnection@2fb082ff
2025-05-20T15:15:50.270+05:45  INFO 11828 --- [merchant-business-gateway] [main] com.zaxxer.hikari.HikariDataSource       : HikariPool-1 - Start completed.
2025-05-20T15:15:50.341+05:45  INFO 11828 --- [merchant-business-gateway] [main] o.hibernate.jpa.internal.util.LogHelper  : HHH000204: Processing PersistenceUnitInfo [name: default]
2025-05-20T15:15:50.411+05:45  INFO 11828 --- [merchant-business-gateway] [main] org.hibernate.Version                    : HHH000412: Hibernate ORM core version 6.6.2.Final
2025-05-20T15:15:50.442+05:45  INFO 11828 --- [merchant-business-gateway] [main] o.h.c.internal.RegionFactoryInitiator    : HHH000026: Second-level cache disabled
2025-05-20T15:15:50.616+05:45  INFO 11828 --- [merchant-business-gateway] [main] o.s.o.j.p.SpringPersistenceUnitInfo      : No LoadTimeWeaver setup: ignoring JPA class transformer
2025-05-20T15:15:50.655+05:45  WARN 11828 --- [merchant-business-gateway] [main] org.hibernate.dialect.Dialect            : HHH000511: The 10.5.0 version for [org.hibernate.dialect.PostgreSQLDialect] is no longer supported, hence certain features may not work properly. The minimum supported version is 12.0.0. Check the community dialects project for available legacy versions.
2025-05-20T15:15:50.661+05:45  WARN 11828 --- [merchant-business-gateway] [main] org.hibernate.orm.deprecation            : HHH90000025: PostgreSQLDialect does not need to be specified explicitly using 'hibernate.dialect' (remove the property setting and it will be selected by default)
2025-05-20T15:15:50.672+05:45  INFO 11828 --- [merchant-business-gateway] [main] org.hibernate.orm.connections.pooling    : HHH10001005: Database info:
	Database JDBC URL [Connecting through datasource 'HikariDataSource (HikariPool-1)']
	Database driver: undefined/unknown
	Database version: 10.5
	Autocommit mode: undefined/unknown
	Isolation level: undefined/unknown
	Minimum pool size: undefined/unknown
	Maximum pool size: undefined/unknown
2025-05-20T15:15:51.299+05:45  INFO 11828 --- [merchant-business-gateway] [main] o.h.e.t.j.p.i.JtaPlatformInitiator       : HHH000489: No JTA platform available (set 'hibernate.transaction.jta.platform' to enable JTA platform integration)
2025-05-20T15:15:51.301+05:45  INFO 11828 --- [merchant-business-gateway] [main] j.LocalContainerEntityManagerFactoryBean : Initialized JPA EntityManagerFactory for persistence unit 'default'
2025-05-20T15:15:51.587+05:45 DEBUG 11828 --- [merchant-business-gateway] [main] c.n.m.config.JwtAuthenticationFilter     : Filter 'jwtAuthenticationFilter' configured for use
2025-05-20T15:15:51.588+05:45 DEBUG 11828 --- [merchant-business-gateway] [main] o.s.w.f.ServerHttpObservationFilter      : Filter 'webMvcObservationFilter' configured for use
2025-05-20T15:15:51.653+05:45  INFO 11828 --- [merchant-business-gateway] [main] eAuthenticationProviderManagerConfigurer : Global AuthenticationManager configured with AuthenticationProvider bean with name authenticationProvider
2025-05-20T15:15:51.654+05:45  WARN 11828 --- [merchant-business-gateway] [main] r$InitializeUserDetailsManagerConfigurer : Global AuthenticationManager configured with an AuthenticationProvider bean. UserDetailsService beans will not be used by Spring Security for automatically configuring username/password login. Consider removing the AuthenticationProvider bean. Alternatively, consider using the UserDetailsService in a manually instantiated DaoAuthenticationProvider. If the current configuration is intentional, to turn off this warning, increase the logging level of 'org.springframework.security.config.annotation.authentication.configuration.InitializeUserDetailsBeanManagerConfigurer' to ERROR
2025-05-20T15:15:51.703+05:45  WARN 11828 --- [merchant-business-gateway] [main] JpaBaseConfiguration$JpaWebConfiguration : spring.jpa.open-in-view is enabled by default. Therefore, database queries may be performed during view rendering. Explicitly configure spring.jpa.open-in-view to disable this warning
2025-05-20T15:15:51.863+05:45 DEBUG 11828 --- [merchant-business-gateway] [main] s.w.s.m.m.a.RequestMappingHandlerMapping : 6 mappings in 'requestMappingHandlerMapping'
2025-05-20T15:15:51.950+05:45 DEBUG 11828 --- [merchant-business-gateway] [main] o.s.w.s.handler.SimpleUrlHandlerMapping  : Patterns [/webjars/**, /**] in 'resourceHandlerMapping'
2025-05-20T15:15:52.049+05:45  INFO 11828 --- [merchant-business-gateway] [main] o.s.b.a.e.web.EndpointLinksResolver      : Exposing 1 endpoint beneath base path '/actuator'
2025-05-20T15:15:52.210+05:45 DEBUG 11828 --- [merchant-business-gateway] [main] s.w.s.m.m.a.RequestMappingHandlerAdapter : ControllerAdvice beans: 0 @ModelAttribute, 0 @InitBinder, 1 RequestBodyAdvice, 1 ResponseBodyAdvice
2025-05-20T15:15:52.255+05:45 DEBUG 11828 --- [merchant-business-gateway] [main] .m.m.a.ExceptionHandlerExceptionResolver : ControllerAdvice beans: 1 @ExceptionHandler, 1 ResponseBodyAdvice
2025-05-20T15:15:52.482+05:45  INFO 11828 --- [merchant-business-gateway] [main] o.s.b.w.embedded.tomcat.TomcatWebServer  : Tomcat started on port 8080 (http) with context path '/'
2025-05-20T15:15:52.488+05:45  INFO 11828 --- [merchant-business-gateway] [main] c.n.m.MerchantBusinessGatewayApplication : Started MerchantBusinessGatewayApplication in 4.42 seconds (process running for 4.729)
2025-05-20T15:15:57.415+05:45  INFO 11828 --- [merchant-business-gateway] [http-nio-8080-exec-1] o.a.c.c.C.[Tomcat].[localhost].[/]       : Initializing Spring DispatcherServlet 'dispatcherServlet'
2025-05-20T15:15:57.416+05:45  INFO 11828 --- [merchant-business-gateway] [http-nio-8080-exec-1] o.s.web.servlet.DispatcherServlet        : Initializing Servlet 'dispatcherServlet'
2025-05-20T15:15:57.416+05:45 DEBUG 11828 --- [merchant-business-gateway] [http-nio-8080-exec-1] o.s.web.servlet.DispatcherServlet        : Detected StandardServletMultipartResolver
2025-05-20T15:15:57.416+05:45 DEBUG 11828 --- [merchant-business-gateway] [http-nio-8080-exec-1] o.s.web.servlet.DispatcherServlet        : Detected AcceptHeaderLocaleResolver
2025-05-20T15:15:57.416+05:45 DEBUG 11828 --- [merchant-business-gateway] [http-nio-8080-exec-1] o.s.web.servlet.DispatcherServlet        : Detected FixedThemeResolver
2025-05-20T15:15:57.417+05:45 DEBUG 11828 --- [merchant-business-gateway] [http-nio-8080-exec-1] o.s.web.servlet.DispatcherServlet        : Detected org.springframework.web.servlet.view.DefaultRequestToViewNameTranslator@3de507af
2025-05-20T15:15:57.417+05:45 DEBUG 11828 --- [merchant-business-gateway] [http-nio-8080-exec-1] o.s.web.servlet.DispatcherServlet        : Detected org.springframework.web.servlet.support.SessionFlashMapManager@198d55de
2025-05-20T15:15:57.417+05:45 DEBUG 11828 --- [merchant-business-gateway] [http-nio-8080-exec-1] o.s.web.servlet.DispatcherServlet        : enableLoggingRequestDetails='false': request parameters and headers will be masked to prevent unsafe logging of potentially sensitive data
2025-05-20T15:15:57.417+05:45  INFO 11828 --- [merchant-business-gateway] [http-nio-8080-exec-1] o.s.web.servlet.DispatcherServlet        : Completed initialization in 1 ms
2025-05-20T15:15:57.438+05:45 DEBUG 11828 --- [merchant-business-gateway] [http-nio-8080-exec-1] o.s.web.servlet.DispatcherServlet        : POST "/api/v1/auth/authenticate", parameters={}
2025-05-20T15:15:57.440+05:45 DEBUG 11828 --- [merchant-business-gateway] [http-nio-8080-exec-1] s.w.s.m.m.a.RequestMappingHandlerMapping : Mapped to com.nchl.merchantbusiness.controller.AuthController#authenticate(AuthRequest)
2025-05-20T15:15:57.487+05:45 DEBUG 11828 --- [merchant-business-gateway] [http-nio-8080-exec-1] m.m.a.RequestResponseBodyMethodProcessor : Read "application/json;charset=UTF-8" to [AuthRequest(username=admin_FrancisHopkins, password=Abcd@1234)]
2025-05-20T15:15:57.781+05:45 DEBUG 11828 --- [merchant-business-gateway] [http-nio-8080-exec-1] o.s.w.s.m.m.a.HttpEntityMethodProcessor  : Using 'application/json', given [*/*] and supported [application/json, application/*+json]
2025-05-20T15:15:57.784+05:45 DEBUG 11828 --- [merchant-business-gateway] [http-nio-8080-exec-1] o.s.w.s.m.m.a.HttpEntityMethodProcessor  : Writing [AuthResponse(responseCode=000, responseMessage=User authenticated successfully., access_token=eyJhbG (truncated)...]
2025-05-20T15:15:57.788+05:45 DEBUG 11828 --- [merchant-business-gateway] [http-nio-8080-exec-1] o.s.web.servlet.DispatcherServlet        : Completed 200 OK
2025-05-20T15:58:34.181+05:45  INFO 11828 --- [merchant-business-gateway] [SpringApplicationShutdownHook] o.s.b.w.e.tomcat.GracefulShutdown        : Commencing graceful shutdown. Waiting for active requests to complete
2025-05-20T15:58:34.185+05:45  INFO 11828 --- [merchant-business-gateway] [tomcat-shutdown] o.s.b.w.e.tomcat.GracefulShutdown        : Graceful shutdown complete
2025-05-20T15:58:34.190+05:45  INFO 11828 --- [merchant-business-gateway] [SpringApplicationShutdownHook] j.LocalContainerEntityManagerFactoryBean : Closing JPA EntityManagerFactory for persistence unit 'default'
2025-05-20T15:58:34.193+05:45  INFO 11828 --- [merchant-business-gateway] [SpringApplicationShutdownHook] com.zaxxer.hikari.HikariDataSource       : HikariPool-1 - Shutdown initiated...
2025-05-20T15:58:34.196+05:45  INFO 11828 --- [merchant-business-gateway] [SpringApplicationShutdownHook] com.zaxxer.hikari.HikariDataSource       : HikariPool-1 - Shutdown completed.
2025-05-20T15:59:57.399+05:45  INFO 26760 --- [merchant-business-gateway] [main] c.n.m.MerchantBusinessGatewayApplication : Starting MerchantBusinessGatewayApplication using Java 21.0.6 with PID 26760 (D:\nchl-files\merchant-business-gateway\target\classes started by pramodgautam in D:\nchl-files\merchant-business-gateway)
2025-05-20T15:59:57.400+05:45 DEBUG 26760 --- [merchant-business-gateway] [main] c.n.m.MerchantBusinessGatewayApplication : Running with Spring Boot v3.4.0, Spring v6.2.0
2025-05-20T15:59:57.401+05:45  INFO 26760 --- [merchant-business-gateway] [main] c.n.m.MerchantBusinessGatewayApplication : No active profile set, falling back to 1 default profile: "default"
2025-05-20T15:59:58.073+05:45  INFO 26760 --- [merchant-business-gateway] [main] .s.d.r.c.RepositoryConfigurationDelegate : Bootstrapping Spring Data JPA repositories in DEFAULT mode.
2025-05-20T15:59:58.113+05:45  INFO 26760 --- [merchant-business-gateway] [main] .s.d.r.c.RepositoryConfigurationDelegate : Finished Spring Data repository scanning in 34 ms. Found 2 JPA repository interfaces.
2025-05-20T15:59:58.738+05:45  INFO 26760 --- [merchant-business-gateway] [main] o.s.b.w.embedded.tomcat.TomcatWebServer  : Tomcat initialized with port 8080 (http)
2025-05-20T15:59:58.746+05:45  INFO 26760 --- [merchant-business-gateway] [main] o.apache.catalina.core.StandardService   : Starting service [Tomcat]
2025-05-20T15:59:58.747+05:45  INFO 26760 --- [merchant-business-gateway] [main] o.apache.catalina.core.StandardEngine    : Starting Servlet engine: [Apache Tomcat/10.1.33]
2025-05-20T15:59:58.796+05:45  INFO 26760 --- [merchant-business-gateway] [main] o.a.c.c.C.[Tomcat].[localhost].[/]       : Initializing Spring embedded WebApplicationContext
2025-05-20T15:59:58.796+05:45  INFO 26760 --- [merchant-business-gateway] [main] w.s.c.ServletWebServerApplicationContext : Root WebApplicationContext: initialization completed in 1370 ms
2025-05-20T15:59:59.041+05:45  INFO 26760 --- [merchant-business-gateway] [main] com.zaxxer.hikari.HikariDataSource       : HikariPool-1 - Starting...
2025-05-20T15:59:59.131+05:45  INFO 26760 --- [merchant-business-gateway] [main] com.zaxxer.hikari.pool.HikariPool        : HikariPool-1 - Added connection org.postgresql.jdbc.PgConnection@59e082f8
2025-05-20T15:59:59.132+05:45  INFO 26760 --- [merchant-business-gateway] [main] com.zaxxer.hikari.HikariDataSource       : HikariPool-1 - Start completed.
2025-05-20T15:59:59.174+05:45  INFO 26760 --- [merchant-business-gateway] [main] o.hibernate.jpa.internal.util.LogHelper  : HHH000204: Processing PersistenceUnitInfo [name: default]
2025-05-20T15:59:59.264+05:45  INFO 26760 --- [merchant-business-gateway] [main] org.hibernate.Version                    : HHH000412: Hibernate ORM core version 6.6.2.Final
2025-05-20T15:59:59.287+05:45  INFO 26760 --- [merchant-business-gateway] [main] o.h.c.internal.RegionFactoryInitiator    : HHH000026: Second-level cache disabled
2025-05-20T15:59:59.434+05:45  INFO 26760 --- [merchant-business-gateway] [main] o.s.o.j.p.SpringPersistenceUnitInfo      : No LoadTimeWeaver setup: ignoring JPA class transformer
2025-05-20T15:59:59.463+05:45  WARN 26760 --- [merchant-business-gateway] [main] org.hibernate.dialect.Dialect            : HHH000511: The 10.5.0 version for [org.hibernate.dialect.PostgreSQLDialect] is no longer supported, hence certain features may not work properly. The minimum supported version is 12.0.0. Check the community dialects project for available legacy versions.
2025-05-20T15:59:59.465+05:45  WARN 26760 --- [merchant-business-gateway] [main] org.hibernate.orm.deprecation            : HHH90000025: PostgreSQLDialect does not need to be specified explicitly using 'hibernate.dialect' (remove the property setting and it will be selected by default)
2025-05-20T15:59:59.476+05:45  INFO 26760 --- [merchant-business-gateway] [main] org.hibernate.orm.connections.pooling    : HHH10001005: Database info:
	Database JDBC URL [Connecting through datasource 'HikariDataSource (HikariPool-1)']
	Database driver: undefined/unknown
	Database version: 10.5
	Autocommit mode: undefined/unknown
	Isolation level: undefined/unknown
	Minimum pool size: undefined/unknown
	Maximum pool size: undefined/unknown
2025-05-20T16:00:00.017+05:45  INFO 26760 --- [merchant-business-gateway] [main] o.h.e.t.j.p.i.JtaPlatformInitiator       : HHH000489: No JTA platform available (set 'hibernate.transaction.jta.platform' to enable JTA platform integration)
2025-05-20T16:00:00.019+05:45  INFO 26760 --- [merchant-business-gateway] [main] j.LocalContainerEntityManagerFactoryBean : Initialized JPA EntityManagerFactory for persistence unit 'default'
2025-05-20T16:00:00.471+05:45 DEBUG 26760 --- [merchant-business-gateway] [main] c.n.m.config.JwtAuthenticationFilter     : Filter 'jwtAuthenticationFilter' configured for use
2025-05-20T16:00:00.472+05:45 DEBUG 26760 --- [merchant-business-gateway] [main] o.s.w.f.ServerHttpObservationFilter      : Filter 'webMvcObservationFilter' configured for use
2025-05-20T16:00:00.540+05:45  INFO 26760 --- [merchant-business-gateway] [main] eAuthenticationProviderManagerConfigurer : Global AuthenticationManager configured with AuthenticationProvider bean with name authenticationProvider
2025-05-20T16:00:00.541+05:45  WARN 26760 --- [merchant-business-gateway] [main] r$InitializeUserDetailsManagerConfigurer : Global AuthenticationManager configured with an AuthenticationProvider bean. UserDetailsService beans will not be used by Spring Security for automatically configuring username/password login. Consider removing the AuthenticationProvider bean. Alternatively, consider using the UserDetailsService in a manually instantiated DaoAuthenticationProvider. If the current configuration is intentional, to turn off this warning, increase the logging level of 'org.springframework.security.config.annotation.authentication.configuration.InitializeUserDetailsBeanManagerConfigurer' to ERROR
2025-05-20T16:00:00.597+05:45  WARN 26760 --- [merchant-business-gateway] [main] JpaBaseConfiguration$JpaWebConfiguration : spring.jpa.open-in-view is enabled by default. Therefore, database queries may be performed during view rendering. Explicitly configure spring.jpa.open-in-view to disable this warning
2025-05-20T16:00:00.797+05:45 DEBUG 26760 --- [merchant-business-gateway] [main] s.w.s.m.m.a.RequestMappingHandlerMapping : 6 mappings in 'requestMappingHandlerMapping'
2025-05-20T16:00:00.906+05:45 DEBUG 26760 --- [merchant-business-gateway] [main] o.s.w.s.handler.SimpleUrlHandlerMapping  : Patterns [/webjars/**, /**] in 'resourceHandlerMapping'
2025-05-20T16:00:01.018+05:45  INFO 26760 --- [merchant-business-gateway] [main] o.s.b.a.e.web.EndpointLinksResolver      : Exposing 1 endpoint beneath base path '/actuator'
2025-05-20T16:00:01.195+05:45 DEBUG 26760 --- [merchant-business-gateway] [main] s.w.s.m.m.a.RequestMappingHandlerAdapter : ControllerAdvice beans: 0 @ModelAttribute, 0 @InitBinder, 1 RequestBodyAdvice, 1 ResponseBodyAdvice
2025-05-20T16:00:01.228+05:45 DEBUG 26760 --- [merchant-business-gateway] [main] .m.m.a.ExceptionHandlerExceptionResolver : ControllerAdvice beans: 1 @ExceptionHandler, 1 ResponseBodyAdvice
2025-05-20T16:00:01.391+05:45  INFO 26760 --- [merchant-business-gateway] [main] o.s.b.w.embedded.tomcat.TomcatWebServer  : Tomcat started on port 8080 (http) with context path '/'
2025-05-20T16:00:01.399+05:45  INFO 26760 --- [merchant-business-gateway] [main] c.n.m.MerchantBusinessGatewayApplication : Started MerchantBusinessGatewayApplication in 4.314 seconds (process running for 4.567)
2025-05-20T16:00:07.296+05:45  INFO 26760 --- [merchant-business-gateway] [http-nio-8080-exec-2] o.a.c.c.C.[Tomcat].[localhost].[/]       : Initializing Spring DispatcherServlet 'dispatcherServlet'
2025-05-20T16:00:07.297+05:45  INFO 26760 --- [merchant-business-gateway] [http-nio-8080-exec-2] o.s.web.servlet.DispatcherServlet        : Initializing Servlet 'dispatcherServlet'
2025-05-20T16:00:07.297+05:45 DEBUG 26760 --- [merchant-business-gateway] [http-nio-8080-exec-2] o.s.web.servlet.DispatcherServlet        : Detected StandardServletMultipartResolver
2025-05-20T16:00:07.297+05:45 DEBUG 26760 --- [merchant-business-gateway] [http-nio-8080-exec-2] o.s.web.servlet.DispatcherServlet        : Detected AcceptHeaderLocaleResolver
2025-05-20T16:00:07.297+05:45 DEBUG 26760 --- [merchant-business-gateway] [http-nio-8080-exec-2] o.s.web.servlet.DispatcherServlet        : Detected FixedThemeResolver
2025-05-20T16:00:07.298+05:45 DEBUG 26760 --- [merchant-business-gateway] [http-nio-8080-exec-2] o.s.web.servlet.DispatcherServlet        : Detected org.springframework.web.servlet.view.DefaultRequestToViewNameTranslator@c52c362
2025-05-20T16:00:07.298+05:45 DEBUG 26760 --- [merchant-business-gateway] [http-nio-8080-exec-2] o.s.web.servlet.DispatcherServlet        : Detected org.springframework.web.servlet.support.SessionFlashMapManager@77c4aeb6
2025-05-20T16:00:07.298+05:45 DEBUG 26760 --- [merchant-business-gateway] [http-nio-8080-exec-2] o.s.web.servlet.DispatcherServlet        : enableLoggingRequestDetails='false': request parameters and headers will be masked to prevent unsafe logging of potentially sensitive data
2025-05-20T16:00:07.298+05:45  INFO 26760 --- [merchant-business-gateway] [http-nio-8080-exec-2] o.s.web.servlet.DispatcherServlet        : Completed initialization in 1 ms
2025-05-20T16:00:07.320+05:45 DEBUG 26760 --- [merchant-business-gateway] [http-nio-8080-exec-2] o.s.web.servlet.DispatcherServlet        : POST "/api/v1/auth/authenticate", parameters={}
2025-05-20T16:00:07.321+05:45 DEBUG 26760 --- [merchant-business-gateway] [http-nio-8080-exec-2] s.w.s.m.m.a.RequestMappingHandlerMapping : Mapped to com.nchl.merchantbusiness.controller.AuthController#authenticate(AuthRequest)
2025-05-20T16:00:07.363+05:45 DEBUG 26760 --- [merchant-business-gateway] [http-nio-8080-exec-2] m.m.a.RequestResponseBodyMethodProcessor : Read "application/json;charset=UTF-8" to [AuthRequest(username=admin_FrancisHopkins, password=Abcd@1234)]
2025-05-20T16:00:07.619+05:45 DEBUG 26760 --- [merchant-business-gateway] [http-nio-8080-exec-2] o.s.w.s.m.m.a.HttpEntityMethodProcessor  : Using 'application/json', given [*/*] and supported [application/json, application/*+json]
2025-05-20T16:00:07.621+05:45 DEBUG 26760 --- [merchant-business-gateway] [http-nio-8080-exec-2] o.s.w.s.m.m.a.HttpEntityMethodProcessor  : Writing [AuthResponse(responseCode=000, responseMessage=User authenticated successfully., access_token=eyJhbG (truncated)...]
2025-05-20T16:00:07.626+05:45 DEBUG 26760 --- [merchant-business-gateway] [http-nio-8080-exec-2] o.s.web.servlet.DispatcherServlet        : Completed 200 OK
2025-05-20T16:35:50.339+05:45  WARN 26760 --- [merchant-business-gateway] [HikariPool-1 housekeeper] com.zaxxer.hikari.pool.HikariPool        : HikariPool-1 - Thread starvation or clock leap detected (housekeeper delta=30m21s12ms41µs700ns).
2025-05-20T16:36:08.381+05:45 DEBUG 26760 --- [merchant-business-gateway] [http-nio-8080-exec-5] o.s.web.servlet.DispatcherServlet        : POST "/api/v1/auth/authenticate", parameters={}
2025-05-20T16:36:08.382+05:45 DEBUG 26760 --- [merchant-business-gateway] [http-nio-8080-exec-5] s.w.s.m.m.a.RequestMappingHandlerMapping : Mapped to com.nchl.merchantbusiness.controller.AuthController#authenticate(AuthRequest)
2025-05-20T16:36:08.384+05:45 DEBUG 26760 --- [merchant-business-gateway] [http-nio-8080-exec-5] m.m.a.RequestResponseBodyMethodProcessor : Read "application/json;charset=UTF-8" to [AuthRequest(username=admin_FrancisHopkins, password=Abcd@1234)]
2025-05-20T16:36:08.463+05:45 DEBUG 26760 --- [merchant-business-gateway] [http-nio-8080-exec-5] o.s.w.s.m.m.a.HttpEntityMethodProcessor  : Using 'application/json', given [*/*] and supported [application/json, application/*+json]
2025-05-20T16:36:08.464+05:45 DEBUG 26760 --- [merchant-business-gateway] [http-nio-8080-exec-5] o.s.w.s.m.m.a.HttpEntityMethodProcessor  : Writing [AuthResponse(responseCode=000, responseMessage=User authenticated successfully., access_token=eyJhbG (truncated)...]
2025-05-20T16:36:08.466+05:45 DEBUG 26760 --- [merchant-business-gateway] [http-nio-8080-exec-5] o.s.web.servlet.DispatcherServlet        : Completed 200 OK
2025-05-20T16:36:41.267+05:45  INFO 26760 --- [merchant-business-gateway] [SpringApplicationShutdownHook] o.s.b.w.e.tomcat.GracefulShutdown        : Commencing graceful shutdown. Waiting for active requests to complete
2025-05-20T16:36:41.270+05:45  INFO 26760 --- [merchant-business-gateway] [tomcat-shutdown] o.s.b.w.e.tomcat.GracefulShutdown        : Graceful shutdown complete
2025-05-20T16:36:41.273+05:45  INFO 26760 --- [merchant-business-gateway] [SpringApplicationShutdownHook] j.LocalContainerEntityManagerFactoryBean : Closing JPA EntityManagerFactory for persistence unit 'default'
2025-05-20T16:36:41.275+05:45  INFO 26760 --- [merchant-business-gateway] [SpringApplicationShutdownHook] com.zaxxer.hikari.HikariDataSource       : HikariPool-1 - Shutdown initiated...
2025-05-20T16:36:41.277+05:45  INFO 26760 --- [merchant-business-gateway] [SpringApplicationShutdownHook] com.zaxxer.hikari.HikariDataSource       : HikariPool-1 - Shutdown completed.
2025-05-20T16:36:55.391+05:45  INFO 14800 --- [merchant-business-gateway] [main] c.n.m.MerchantBusinessGatewayApplication : Starting MerchantBusinessGatewayApplication using Java 21.0.6 with PID 14800 (D:\nchl-files\merchant-business-gateway\target\classes started by pramodgautam in D:\nchl-files\merchant-business-gateway)
2025-05-20T16:36:55.392+05:45 DEBUG 14800 --- [merchant-business-gateway] [main] c.n.m.MerchantBusinessGatewayApplication : Running with Spring Boot v3.4.0, Spring v6.2.0
2025-05-20T16:36:55.392+05:45  INFO 14800 --- [merchant-business-gateway] [main] c.n.m.MerchantBusinessGatewayApplication : No active profile set, falling back to 1 default profile: "default"
2025-05-20T16:36:56.049+05:45  INFO 14800 --- [merchant-business-gateway] [main] .s.d.r.c.RepositoryConfigurationDelegate : Bootstrapping Spring Data JPA repositories in DEFAULT mode.
2025-05-20T16:36:56.092+05:45  INFO 14800 --- [merchant-business-gateway] [main] .s.d.r.c.RepositoryConfigurationDelegate : Finished Spring Data repository scanning in 38 ms. Found 2 JPA repository interfaces.
2025-05-20T16:36:56.703+05:45  INFO 14800 --- [merchant-business-gateway] [main] o.s.b.w.embedded.tomcat.TomcatWebServer  : Tomcat initialized with port 8080 (http)
2025-05-20T16:36:56.714+05:45  INFO 14800 --- [merchant-business-gateway] [main] o.apache.catalina.core.StandardService   : Starting service [Tomcat]
2025-05-20T16:36:56.714+05:45  INFO 14800 --- [merchant-business-gateway] [main] o.apache.catalina.core.StandardEngine    : Starting Servlet engine: [Apache Tomcat/10.1.33]
2025-05-20T16:36:56.772+05:45  INFO 14800 --- [merchant-business-gateway] [main] o.a.c.c.C.[Tomcat].[localhost].[/]       : Initializing Spring embedded WebApplicationContext
2025-05-20T16:36:56.773+05:45  INFO 14800 --- [merchant-business-gateway] [main] w.s.c.ServletWebServerApplicationContext : Root WebApplicationContext: initialization completed in 1354 ms
2025-05-20T16:36:56.987+05:45  INFO 14800 --- [merchant-business-gateway] [main] com.zaxxer.hikari.HikariDataSource       : HikariPool-1 - Starting...
2025-05-20T16:36:57.087+05:45  INFO 14800 --- [merchant-business-gateway] [main] com.zaxxer.hikari.pool.HikariPool        : HikariPool-1 - Added connection org.postgresql.jdbc.PgConnection@31006a75
2025-05-20T16:36:57.088+05:45  INFO 14800 --- [merchant-business-gateway] [main] com.zaxxer.hikari.HikariDataSource       : HikariPool-1 - Start completed.
2025-05-20T16:36:57.144+05:45  INFO 14800 --- [merchant-business-gateway] [main] o.hibernate.jpa.internal.util.LogHelper  : HHH000204: Processing PersistenceUnitInfo [name: default]
2025-05-20T16:36:57.224+05:45  INFO 14800 --- [merchant-business-gateway] [main] org.hibernate.Version                    : HHH000412: Hibernate ORM core version 6.6.2.Final
2025-05-20T16:36:57.273+05:45  INFO 14800 --- [merchant-business-gateway] [main] o.h.c.internal.RegionFactoryInitiator    : HHH000026: Second-level cache disabled
2025-05-20T16:36:57.497+05:45  INFO 14800 --- [merchant-business-gateway] [main] o.s.o.j.p.SpringPersistenceUnitInfo      : No LoadTimeWeaver setup: ignoring JPA class transformer
2025-05-20T16:36:57.541+05:45  WARN 14800 --- [merchant-business-gateway] [main] org.hibernate.dialect.Dialect            : HHH000511: The 10.5.0 version for [org.hibernate.dialect.PostgreSQLDialect] is no longer supported, hence certain features may not work properly. The minimum supported version is 12.0.0. Check the community dialects project for available legacy versions.
2025-05-20T16:36:57.547+05:45  WARN 14800 --- [merchant-business-gateway] [main] org.hibernate.orm.deprecation            : HHH90000025: PostgreSQLDialect does not need to be specified explicitly using 'hibernate.dialect' (remove the property setting and it will be selected by default)
2025-05-20T16:36:57.558+05:45  INFO 14800 --- [merchant-business-gateway] [main] org.hibernate.orm.connections.pooling    : HHH10001005: Database info:
	Database JDBC URL [Connecting through datasource 'HikariDataSource (HikariPool-1)']
	Database driver: undefined/unknown
	Database version: 10.5
	Autocommit mode: undefined/unknown
	Isolation level: undefined/unknown
	Minimum pool size: undefined/unknown
	Maximum pool size: undefined/unknown
2025-05-20T16:36:58.222+05:45  INFO 14800 --- [merchant-business-gateway] [main] o.h.e.t.j.p.i.JtaPlatformInitiator       : HHH000489: No JTA platform available (set 'hibernate.transaction.jta.platform' to enable JTA platform integration)
2025-05-20T16:36:58.224+05:45  INFO 14800 --- [merchant-business-gateway] [main] j.LocalContainerEntityManagerFactoryBean : Initialized JPA EntityManagerFactory for persistence unit 'default'
2025-05-20T16:36:58.513+05:45 DEBUG 14800 --- [merchant-business-gateway] [main] c.n.m.config.JwtAuthenticationFilter     : Filter 'jwtAuthenticationFilter' configured for use
2025-05-20T16:36:58.514+05:45 DEBUG 14800 --- [merchant-business-gateway] [main] o.s.w.f.ServerHttpObservationFilter      : Filter 'webMvcObservationFilter' configured for use
2025-05-20T16:36:58.572+05:45  INFO 14800 --- [merchant-business-gateway] [main] eAuthenticationProviderManagerConfigurer : Global AuthenticationManager configured with AuthenticationProvider bean with name authenticationProvider
2025-05-20T16:36:58.573+05:45  WARN 14800 --- [merchant-business-gateway] [main] r$InitializeUserDetailsManagerConfigurer : Global AuthenticationManager configured with an AuthenticationProvider bean. UserDetailsService beans will not be used by Spring Security for automatically configuring username/password login. Consider removing the AuthenticationProvider bean. Alternatively, consider using the UserDetailsService in a manually instantiated DaoAuthenticationProvider. If the current configuration is intentional, to turn off this warning, increase the logging level of 'org.springframework.security.config.annotation.authentication.configuration.InitializeUserDetailsBeanManagerConfigurer' to ERROR
2025-05-20T16:36:58.614+05:45  WARN 14800 --- [merchant-business-gateway] [main] JpaBaseConfiguration$JpaWebConfiguration : spring.jpa.open-in-view is enabled by default. Therefore, database queries may be performed during view rendering. Explicitly configure spring.jpa.open-in-view to disable this warning
2025-05-20T16:36:58.745+05:45 DEBUG 14800 --- [merchant-business-gateway] [main] s.w.s.m.m.a.RequestMappingHandlerMapping : 6 mappings in 'requestMappingHandlerMapping'
2025-05-20T16:36:58.866+05:45 DEBUG 14800 --- [merchant-business-gateway] [main] o.s.w.s.handler.SimpleUrlHandlerMapping  : Patterns [/webjars/**, /**] in 'resourceHandlerMapping'
2025-05-20T16:36:58.983+05:45  INFO 14800 --- [merchant-business-gateway] [main] o.s.b.a.e.web.EndpointLinksResolver      : Exposing 1 endpoint beneath base path '/actuator'
2025-05-20T16:36:59.157+05:45 DEBUG 14800 --- [merchant-business-gateway] [main] s.w.s.m.m.a.RequestMappingHandlerAdapter : ControllerAdvice beans: 0 @ModelAttribute, 0 @InitBinder, 1 RequestBodyAdvice, 1 ResponseBodyAdvice
2025-05-20T16:36:59.217+05:45 DEBUG 14800 --- [merchant-business-gateway] [main] .m.m.a.ExceptionHandlerExceptionResolver : ControllerAdvice beans: 1 @ExceptionHandler, 1 ResponseBodyAdvice
2025-05-20T16:36:59.477+05:45  INFO 14800 --- [merchant-business-gateway] [main] o.s.b.w.embedded.tomcat.TomcatWebServer  : Tomcat started on port 8080 (http) with context path '/'
2025-05-20T16:36:59.489+05:45  INFO 14800 --- [merchant-business-gateway] [main] c.n.m.MerchantBusinessGatewayApplication : Started MerchantBusinessGatewayApplication in 4.443 seconds (process running for 4.798)
2025-05-20T16:37:05.267+05:45  INFO 14800 --- [merchant-business-gateway] [http-nio-8080-exec-1] o.a.c.c.C.[Tomcat].[localhost].[/]       : Initializing Spring DispatcherServlet 'dispatcherServlet'
2025-05-20T16:37:05.267+05:45  INFO 14800 --- [merchant-business-gateway] [http-nio-8080-exec-1] o.s.web.servlet.DispatcherServlet        : Initializing Servlet 'dispatcherServlet'
2025-05-20T16:37:05.267+05:45 DEBUG 14800 --- [merchant-business-gateway] [http-nio-8080-exec-1] o.s.web.servlet.DispatcherServlet        : Detected StandardServletMultipartResolver
2025-05-20T16:37:05.268+05:45 DEBUG 14800 --- [merchant-business-gateway] [http-nio-8080-exec-1] o.s.web.servlet.DispatcherServlet        : Detected AcceptHeaderLocaleResolver
2025-05-20T16:37:05.268+05:45 DEBUG 14800 --- [merchant-business-gateway] [http-nio-8080-exec-1] o.s.web.servlet.DispatcherServlet        : Detected FixedThemeResolver
2025-05-20T16:37:05.269+05:45 DEBUG 14800 --- [merchant-business-gateway] [http-nio-8080-exec-1] o.s.web.servlet.DispatcherServlet        : Detected org.springframework.web.servlet.view.DefaultRequestToViewNameTranslator@7abc838a
2025-05-20T16:37:05.269+05:45 DEBUG 14800 --- [merchant-business-gateway] [http-nio-8080-exec-1] o.s.web.servlet.DispatcherServlet        : Detected org.springframework.web.servlet.support.SessionFlashMapManager@205efdfc
2025-05-20T16:37:05.269+05:45 DEBUG 14800 --- [merchant-business-gateway] [http-nio-8080-exec-1] o.s.web.servlet.DispatcherServlet        : enableLoggingRequestDetails='false': request parameters and headers will be masked to prevent unsafe logging of potentially sensitive data
2025-05-20T16:37:05.269+05:45  INFO 14800 --- [merchant-business-gateway] [http-nio-8080-exec-1] o.s.web.servlet.DispatcherServlet        : Completed initialization in 2 ms
2025-05-20T16:37:05.292+05:45 DEBUG 14800 --- [merchant-business-gateway] [http-nio-8080-exec-1] o.s.web.servlet.DispatcherServlet        : POST "/api/v1/auth/authenticate", parameters={}
2025-05-20T16:37:05.293+05:45 DEBUG 14800 --- [merchant-business-gateway] [http-nio-8080-exec-1] s.w.s.m.m.a.RequestMappingHandlerMapping : Mapped to com.nchl.merchantbusiness.controller.AuthController#authenticate(AuthRequest)
2025-05-20T16:37:05.338+05:45 DEBUG 14800 --- [merchant-business-gateway] [http-nio-8080-exec-1] m.m.a.RequestResponseBodyMethodProcessor : Read "application/json;charset=UTF-8" to [AuthRequest(username=admin_FrancisHopkins, password=Abcd@1234)]
2025-05-20T16:37:05.626+05:45 DEBUG 14800 --- [merchant-business-gateway] [http-nio-8080-exec-1] o.s.w.s.m.m.a.HttpEntityMethodProcessor  : Using 'application/json', given [*/*] and supported [application/json, application/*+json]
2025-05-20T16:37:05.628+05:45 DEBUG 14800 --- [merchant-business-gateway] [http-nio-8080-exec-1] o.s.w.s.m.m.a.HttpEntityMethodProcessor  : Writing [AuthResponse(code=000, message=User authenticated successfully., access_token=eyJhbGciOiJIUzI1NiJ9.e (truncated)...]
2025-05-20T16:37:05.636+05:45 DEBUG 14800 --- [merchant-business-gateway] [http-nio-8080-exec-1] o.s.web.servlet.DispatcherServlet        : Completed 200 OK
2025-05-20T16:37:51.909+05:45  INFO 14800 --- [merchant-business-gateway] [SpringApplicationShutdownHook] o.s.b.w.e.tomcat.GracefulShutdown        : Commencing graceful shutdown. Waiting for active requests to complete
2025-05-20T16:37:51.912+05:45  INFO 14800 --- [merchant-business-gateway] [tomcat-shutdown] o.s.b.w.e.tomcat.GracefulShutdown        : Graceful shutdown complete
2025-05-20T16:37:51.915+05:45  INFO 14800 --- [merchant-business-gateway] [SpringApplicationShutdownHook] j.LocalContainerEntityManagerFactoryBean : Closing JPA EntityManagerFactory for persistence unit 'default'
2025-05-20T16:37:51.916+05:45  INFO 14800 --- [merchant-business-gateway] [SpringApplicationShutdownHook] com.zaxxer.hikari.HikariDataSource       : HikariPool-1 - Shutdown initiated...
2025-05-20T16:37:51.918+05:45  INFO 14800 --- [merchant-business-gateway] [SpringApplicationShutdownHook] com.zaxxer.hikari.HikariDataSource       : HikariPool-1 - Shutdown completed.
2025-05-20T16:37:54.440+05:45  INFO 26232 --- [merchant-business-gateway] [main] c.n.m.MerchantBusinessGatewayApplication : Starting MerchantBusinessGatewayApplication using Java 21.0.6 with PID 26232 (D:\nchl-files\merchant-business-gateway\target\classes started by pramodgautam in D:\nchl-files\merchant-business-gateway)
2025-05-20T16:37:54.441+05:45 DEBUG 26232 --- [merchant-business-gateway] [main] c.n.m.MerchantBusinessGatewayApplication : Running with Spring Boot v3.4.0, Spring v6.2.0
2025-05-20T16:37:54.442+05:45  INFO 26232 --- [merchant-business-gateway] [main] c.n.m.MerchantBusinessGatewayApplication : No active profile set, falling back to 1 default profile: "default"
2025-05-20T16:37:55.130+05:45  INFO 26232 --- [merchant-business-gateway] [main] .s.d.r.c.RepositoryConfigurationDelegate : Bootstrapping Spring Data JPA repositories in DEFAULT mode.
2025-05-20T16:37:55.171+05:45  INFO 26232 --- [merchant-business-gateway] [main] .s.d.r.c.RepositoryConfigurationDelegate : Finished Spring Data repository scanning in 36 ms. Found 2 JPA repository interfaces.
2025-05-20T16:37:55.797+05:45  INFO 26232 --- [merchant-business-gateway] [main] o.s.b.w.embedded.tomcat.TomcatWebServer  : Tomcat initialized with port 8080 (http)
2025-05-20T16:37:55.815+05:45  INFO 26232 --- [merchant-business-gateway] [main] o.apache.catalina.core.StandardService   : Starting service [Tomcat]
2025-05-20T16:37:55.815+05:45  INFO 26232 --- [merchant-business-gateway] [main] o.apache.catalina.core.StandardEngine    : Starting Servlet engine: [Apache Tomcat/10.1.33]
2025-05-20T16:37:55.868+05:45  INFO 26232 --- [merchant-business-gateway] [main] o.a.c.c.C.[Tomcat].[localhost].[/]       : Initializing Spring embedded WebApplicationContext
2025-05-20T16:37:55.868+05:45  INFO 26232 --- [merchant-business-gateway] [main] w.s.c.ServletWebServerApplicationContext : Root WebApplicationContext: initialization completed in 1400 ms
2025-05-20T16:37:56.103+05:45  INFO 26232 --- [merchant-business-gateway] [main] com.zaxxer.hikari.HikariDataSource       : HikariPool-1 - Starting...
2025-05-20T16:37:56.212+05:45  INFO 26232 --- [merchant-business-gateway] [main] com.zaxxer.hikari.pool.HikariPool        : HikariPool-1 - Added connection org.postgresql.jdbc.PgConnection@305aaedf
2025-05-20T16:37:56.214+05:45  INFO 26232 --- [merchant-business-gateway] [main] com.zaxxer.hikari.HikariDataSource       : HikariPool-1 - Start completed.
2025-05-20T16:37:56.261+05:45  INFO 26232 --- [merchant-business-gateway] [main] o.hibernate.jpa.internal.util.LogHelper  : HHH000204: Processing PersistenceUnitInfo [name: default]
2025-05-20T16:37:56.312+05:45  INFO 26232 --- [merchant-business-gateway] [main] org.hibernate.Version                    : HHH000412: Hibernate ORM core version 6.6.2.Final
2025-05-20T16:37:56.349+05:45  INFO 26232 --- [merchant-business-gateway] [main] o.h.c.internal.RegionFactoryInitiator    : HHH000026: Second-level cache disabled
2025-05-20T16:37:56.553+05:45  INFO 26232 --- [merchant-business-gateway] [main] o.s.o.j.p.SpringPersistenceUnitInfo      : No LoadTimeWeaver setup: ignoring JPA class transformer
2025-05-20T16:37:56.596+05:45  WARN 26232 --- [merchant-business-gateway] [main] org.hibernate.dialect.Dialect            : HHH000511: The 10.5.0 version for [org.hibernate.dialect.PostgreSQLDialect] is no longer supported, hence certain features may not work properly. The minimum supported version is 12.0.0. Check the community dialects project for available legacy versions.
2025-05-20T16:37:56.601+05:45  WARN 26232 --- [merchant-business-gateway] [main] org.hibernate.orm.deprecation            : HHH90000025: PostgreSQLDialect does not need to be specified explicitly using 'hibernate.dialect' (remove the property setting and it will be selected by default)
2025-05-20T16:37:56.612+05:45  INFO 26232 --- [merchant-business-gateway] [main] org.hibernate.orm.connections.pooling    : HHH10001005: Database info:
	Database JDBC URL [Connecting through datasource 'HikariDataSource (HikariPool-1)']
	Database driver: undefined/unknown
	Database version: 10.5
	Autocommit mode: undefined/unknown
	Isolation level: undefined/unknown
	Minimum pool size: undefined/unknown
	Maximum pool size: undefined/unknown
2025-05-20T16:37:57.196+05:45  INFO 26232 --- [merchant-business-gateway] [main] o.h.e.t.j.p.i.JtaPlatformInitiator       : HHH000489: No JTA platform available (set 'hibernate.transaction.jta.platform' to enable JTA platform integration)
2025-05-20T16:37:57.198+05:45  INFO 26232 --- [merchant-business-gateway] [main] j.LocalContainerEntityManagerFactoryBean : Initialized JPA EntityManagerFactory for persistence unit 'default'
2025-05-20T16:37:57.510+05:45 DEBUG 26232 --- [merchant-business-gateway] [main] c.n.m.config.JwtAuthenticationFilter     : Filter 'jwtAuthenticationFilter' configured for use
2025-05-20T16:37:57.511+05:45 DEBUG 26232 --- [merchant-business-gateway] [main] o.s.w.f.ServerHttpObservationFilter      : Filter 'webMvcObservationFilter' configured for use
2025-05-20T16:37:57.574+05:45  INFO 26232 --- [merchant-business-gateway] [main] eAuthenticationProviderManagerConfigurer : Global AuthenticationManager configured with AuthenticationProvider bean with name authenticationProvider
2025-05-20T16:37:57.575+05:45  WARN 26232 --- [merchant-business-gateway] [main] r$InitializeUserDetailsManagerConfigurer : Global AuthenticationManager configured with an AuthenticationProvider bean. UserDetailsService beans will not be used by Spring Security for automatically configuring username/password login. Consider removing the AuthenticationProvider bean. Alternatively, consider using the UserDetailsService in a manually instantiated DaoAuthenticationProvider. If the current configuration is intentional, to turn off this warning, increase the logging level of 'org.springframework.security.config.annotation.authentication.configuration.InitializeUserDetailsBeanManagerConfigurer' to ERROR
2025-05-20T16:37:57.614+05:45  WARN 26232 --- [merchant-business-gateway] [main] JpaBaseConfiguration$JpaWebConfiguration : spring.jpa.open-in-view is enabled by default. Therefore, database queries may be performed during view rendering. Explicitly configure spring.jpa.open-in-view to disable this warning
2025-05-20T16:37:57.743+05:45 DEBUG 26232 --- [merchant-business-gateway] [main] s.w.s.m.m.a.RequestMappingHandlerMapping : 6 mappings in 'requestMappingHandlerMapping'
2025-05-20T16:37:57.854+05:45 DEBUG 26232 --- [merchant-business-gateway] [main] o.s.w.s.handler.SimpleUrlHandlerMapping  : Patterns [/webjars/**, /**] in 'resourceHandlerMapping'
2025-05-20T16:37:57.975+05:45  INFO 26232 --- [merchant-business-gateway] [main] o.s.b.a.e.web.EndpointLinksResolver      : Exposing 1 endpoint beneath base path '/actuator'
2025-05-20T16:37:58.161+05:45 DEBUG 26232 --- [merchant-business-gateway] [main] s.w.s.m.m.a.RequestMappingHandlerAdapter : ControllerAdvice beans: 0 @ModelAttribute, 0 @InitBinder, 1 RequestBodyAdvice, 1 ResponseBodyAdvice
2025-05-20T16:37:58.220+05:45 DEBUG 26232 --- [merchant-business-gateway] [main] .m.m.a.ExceptionHandlerExceptionResolver : ControllerAdvice beans: 1 @ExceptionHandler, 1 ResponseBodyAdvice
2025-05-20T16:37:58.485+05:45  INFO 26232 --- [merchant-business-gateway] [main] o.s.b.w.embedded.tomcat.TomcatWebServer  : Tomcat started on port 8080 (http) with context path '/'
2025-05-20T16:37:58.494+05:45  INFO 26232 --- [merchant-business-gateway] [main] c.n.m.MerchantBusinessGatewayApplication : Started MerchantBusinessGatewayApplication in 4.383 seconds (process running for 4.681)
2025-05-20T16:38:01.160+05:45  INFO 26232 --- [merchant-business-gateway] [http-nio-8080-exec-1] o.a.c.c.C.[Tomcat].[localhost].[/]       : Initializing Spring DispatcherServlet 'dispatcherServlet'
2025-05-20T16:38:01.161+05:45  INFO 26232 --- [merchant-business-gateway] [http-nio-8080-exec-1] o.s.web.servlet.DispatcherServlet        : Initializing Servlet 'dispatcherServlet'
2025-05-20T16:38:01.161+05:45 DEBUG 26232 --- [merchant-business-gateway] [http-nio-8080-exec-1] o.s.web.servlet.DispatcherServlet        : Detected StandardServletMultipartResolver
2025-05-20T16:38:01.161+05:45 DEBUG 26232 --- [merchant-business-gateway] [http-nio-8080-exec-1] o.s.web.servlet.DispatcherServlet        : Detected AcceptHeaderLocaleResolver
2025-05-20T16:38:01.161+05:45 DEBUG 26232 --- [merchant-business-gateway] [http-nio-8080-exec-1] o.s.web.servlet.DispatcherServlet        : Detected FixedThemeResolver
2025-05-20T16:38:01.162+05:45 DEBUG 26232 --- [merchant-business-gateway] [http-nio-8080-exec-1] o.s.web.servlet.DispatcherServlet        : Detected org.springframework.web.servlet.view.DefaultRequestToViewNameTranslator@5453b15d
2025-05-20T16:38:01.162+05:45 DEBUG 26232 --- [merchant-business-gateway] [http-nio-8080-exec-1] o.s.web.servlet.DispatcherServlet        : Detected org.springframework.web.servlet.support.SessionFlashMapManager@2ad39f2f
2025-05-20T16:38:01.162+05:45 DEBUG 26232 --- [merchant-business-gateway] [http-nio-8080-exec-1] o.s.web.servlet.DispatcherServlet        : enableLoggingRequestDetails='false': request parameters and headers will be masked to prevent unsafe logging of potentially sensitive data
2025-05-20T16:38:01.162+05:45  INFO 26232 --- [merchant-business-gateway] [http-nio-8080-exec-1] o.s.web.servlet.DispatcherServlet        : Completed initialization in 1 ms
2025-05-20T16:38:01.185+05:45 DEBUG 26232 --- [merchant-business-gateway] [http-nio-8080-exec-1] o.s.web.servlet.DispatcherServlet        : POST "/api/v1/auth/authenticate", parameters={}
2025-05-20T16:38:01.186+05:45 DEBUG 26232 --- [merchant-business-gateway] [http-nio-8080-exec-1] s.w.s.m.m.a.RequestMappingHandlerMapping : Mapped to com.nchl.merchantbusiness.controller.AuthController#authenticate(AuthRequest)
2025-05-20T16:38:01.230+05:45 DEBUG 26232 --- [merchant-business-gateway] [http-nio-8080-exec-1] m.m.a.RequestResponseBodyMethodProcessor : Read "application/json;charset=UTF-8" to [AuthRequest(username=admin_FrancisHopkins, password=Abcd@1234)]
2025-05-20T16:38:01.509+05:45 DEBUG 26232 --- [merchant-business-gateway] [http-nio-8080-exec-1] o.s.w.s.m.m.a.HttpEntityMethodProcessor  : Using 'application/json', given [*/*] and supported [application/json, application/*+json]
2025-05-20T16:38:01.512+05:45 DEBUG 26232 --- [merchant-business-gateway] [http-nio-8080-exec-1] o.s.w.s.m.m.a.HttpEntityMethodProcessor  : Writing [AuthResponse(code=000, status=SUCCESS, message=User authenticated successfully., access_token=eyJhbG (truncated)...]
2025-05-20T16:38:01.518+05:45 DEBUG 26232 --- [merchant-business-gateway] [http-nio-8080-exec-1] o.s.web.servlet.DispatcherServlet        : Completed 200 OK
2025-05-20T16:47:23.029+05:45  INFO 26232 --- [merchant-business-gateway] [SpringApplicationShutdownHook] o.s.b.w.e.tomcat.GracefulShutdown        : Commencing graceful shutdown. Waiting for active requests to complete
2025-05-20T16:47:23.032+05:45  INFO 26232 --- [merchant-business-gateway] [tomcat-shutdown] o.s.b.w.e.tomcat.GracefulShutdown        : Graceful shutdown complete
2025-05-20T16:47:23.036+05:45  INFO 26232 --- [merchant-business-gateway] [SpringApplicationShutdownHook] j.LocalContainerEntityManagerFactoryBean : Closing JPA EntityManagerFactory for persistence unit 'default'
2025-05-20T16:47:23.038+05:45  INFO 26232 --- [merchant-business-gateway] [SpringApplicationShutdownHook] com.zaxxer.hikari.HikariDataSource       : HikariPool-1 - Shutdown initiated...
2025-05-20T16:47:23.041+05:45  INFO 26232 --- [merchant-business-gateway] [SpringApplicationShutdownHook] com.zaxxer.hikari.HikariDataSource       : HikariPool-1 - Shutdown completed.
2025-05-20T16:47:25.640+05:45  INFO 5644 --- [merchant-business-gateway] [main] c.n.m.MerchantBusinessGatewayApplication : Starting MerchantBusinessGatewayApplication using Java 21.0.6 with PID 5644 (D:\nchl-files\merchant-business-gateway\target\classes started by pramodgautam in D:\nchl-files\merchant-business-gateway)
2025-05-20T16:47:25.641+05:45 DEBUG 5644 --- [merchant-business-gateway] [main] c.n.m.MerchantBusinessGatewayApplication : Running with Spring Boot v3.4.0, Spring v6.2.0
2025-05-20T16:47:25.641+05:45  INFO 5644 --- [merchant-business-gateway] [main] c.n.m.MerchantBusinessGatewayApplication : No active profile set, falling back to 1 default profile: "default"
2025-05-20T16:47:26.320+05:45  INFO 5644 --- [merchant-business-gateway] [main] .s.d.r.c.RepositoryConfigurationDelegate : Bootstrapping Spring Data JPA repositories in DEFAULT mode.
2025-05-20T16:47:26.362+05:45  INFO 5644 --- [merchant-business-gateway] [main] .s.d.r.c.RepositoryConfigurationDelegate : Finished Spring Data repository scanning in 35 ms. Found 2 JPA repository interfaces.
2025-05-20T16:47:26.996+05:45  INFO 5644 --- [merchant-business-gateway] [main] o.s.b.w.embedded.tomcat.TomcatWebServer  : Tomcat initialized with port 8080 (http)
2025-05-20T16:47:27.013+05:45  INFO 5644 --- [merchant-business-gateway] [main] o.apache.catalina.core.StandardService   : Starting service [Tomcat]
2025-05-20T16:47:27.013+05:45  INFO 5644 --- [merchant-business-gateway] [main] o.apache.catalina.core.StandardEngine    : Starting Servlet engine: [Apache Tomcat/10.1.33]
2025-05-20T16:47:27.068+05:45  INFO 5644 --- [merchant-business-gateway] [main] o.a.c.c.C.[Tomcat].[localhost].[/]       : Initializing Spring embedded WebApplicationContext
2025-05-20T16:47:27.068+05:45  INFO 5644 --- [merchant-business-gateway] [main] w.s.c.ServletWebServerApplicationContext : Root WebApplicationContext: initialization completed in 1401 ms
2025-05-20T16:47:27.314+05:45  INFO 5644 --- [merchant-business-gateway] [main] com.zaxxer.hikari.HikariDataSource       : HikariPool-1 - Starting...
2025-05-20T16:47:27.424+05:45  INFO 5644 --- [merchant-business-gateway] [main] com.zaxxer.hikari.pool.HikariPool        : HikariPool-1 - Added connection org.postgresql.jdbc.PgConnection@49122853
2025-05-20T16:47:27.426+05:45  INFO 5644 --- [merchant-business-gateway] [main] com.zaxxer.hikari.HikariDataSource       : HikariPool-1 - Start completed.
2025-05-20T16:47:27.484+05:45  INFO 5644 --- [merchant-business-gateway] [main] o.hibernate.jpa.internal.util.LogHelper  : HHH000204: Processing PersistenceUnitInfo [name: default]
2025-05-20T16:47:27.531+05:45  INFO 5644 --- [merchant-business-gateway] [main] org.hibernate.Version                    : HHH000412: Hibernate ORM core version 6.6.2.Final
2025-05-20T16:47:27.563+05:45  INFO 5644 --- [merchant-business-gateway] [main] o.h.c.internal.RegionFactoryInitiator    : HHH000026: Second-level cache disabled
2025-05-20T16:47:27.734+05:45  INFO 5644 --- [merchant-business-gateway] [main] o.s.o.j.p.SpringPersistenceUnitInfo      : No LoadTimeWeaver setup: ignoring JPA class transformer
2025-05-20T16:47:27.765+05:45  WARN 5644 --- [merchant-business-gateway] [main] org.hibernate.dialect.Dialect            : HHH000511: The 10.5.0 version for [org.hibernate.dialect.PostgreSQLDialect] is no longer supported, hence certain features may not work properly. The minimum supported version is 12.0.0. Check the community dialects project for available legacy versions.
2025-05-20T16:47:27.770+05:45  WARN 5644 --- [merchant-business-gateway] [main] org.hibernate.orm.deprecation            : HHH90000025: PostgreSQLDialect does not need to be specified explicitly using 'hibernate.dialect' (remove the property setting and it will be selected by default)
2025-05-20T16:47:27.783+05:45  INFO 5644 --- [merchant-business-gateway] [main] org.hibernate.orm.connections.pooling    : HHH10001005: Database info:
	Database JDBC URL [Connecting through datasource 'HikariDataSource (HikariPool-1)']
	Database driver: undefined/unknown
	Database version: 10.5
	Autocommit mode: undefined/unknown
	Isolation level: undefined/unknown
	Minimum pool size: undefined/unknown
	Maximum pool size: undefined/unknown
2025-05-20T16:47:28.370+05:45  INFO 5644 --- [merchant-business-gateway] [main] o.h.e.t.j.p.i.JtaPlatformInitiator       : HHH000489: No JTA platform available (set 'hibernate.transaction.jta.platform' to enable JTA platform integration)
2025-05-20T16:47:28.372+05:45  INFO 5644 --- [merchant-business-gateway] [main] j.LocalContainerEntityManagerFactoryBean : Initialized JPA EntityManagerFactory for persistence unit 'default'
2025-05-20T16:47:28.653+05:45 DEBUG 5644 --- [merchant-business-gateway] [main] c.n.m.config.JwtAuthenticationFilter     : Filter 'jwtAuthenticationFilter' configured for use
2025-05-20T16:47:28.654+05:45 DEBUG 5644 --- [merchant-business-gateway] [main] o.s.w.f.ServerHttpObservationFilter      : Filter 'webMvcObservationFilter' configured for use
2025-05-20T16:47:28.716+05:45  INFO 5644 --- [merchant-business-gateway] [main] eAuthenticationProviderManagerConfigurer : Global AuthenticationManager configured with AuthenticationProvider bean with name authenticationProvider
2025-05-20T16:47:28.717+05:45  WARN 5644 --- [merchant-business-gateway] [main] r$InitializeUserDetailsManagerConfigurer : Global AuthenticationManager configured with an AuthenticationProvider bean. UserDetailsService beans will not be used by Spring Security for automatically configuring username/password login. Consider removing the AuthenticationProvider bean. Alternatively, consider using the UserDetailsService in a manually instantiated DaoAuthenticationProvider. If the current configuration is intentional, to turn off this warning, increase the logging level of 'org.springframework.security.config.annotation.authentication.configuration.InitializeUserDetailsBeanManagerConfigurer' to ERROR
2025-05-20T16:47:28.760+05:45  WARN 5644 --- [merchant-business-gateway] [main] JpaBaseConfiguration$JpaWebConfiguration : spring.jpa.open-in-view is enabled by default. Therefore, database queries may be performed during view rendering. Explicitly configure spring.jpa.open-in-view to disable this warning
2025-05-20T16:47:28.897+05:45 DEBUG 5644 --- [merchant-business-gateway] [main] s.w.s.m.m.a.RequestMappingHandlerMapping : 6 mappings in 'requestMappingHandlerMapping'
2025-05-20T16:47:28.994+05:45 DEBUG 5644 --- [merchant-business-gateway] [main] o.s.w.s.handler.SimpleUrlHandlerMapping  : Patterns [/webjars/**, /**] in 'resourceHandlerMapping'
2025-05-20T16:47:29.104+05:45  INFO 5644 --- [merchant-business-gateway] [main] o.s.b.a.e.web.EndpointLinksResolver      : Exposing 1 endpoint beneath base path '/actuator'
2025-05-20T16:47:29.291+05:45 DEBUG 5644 --- [merchant-business-gateway] [main] s.w.s.m.m.a.RequestMappingHandlerAdapter : ControllerAdvice beans: 0 @ModelAttribute, 0 @InitBinder, 1 RequestBodyAdvice, 1 ResponseBodyAdvice
2025-05-20T16:47:29.348+05:45 DEBUG 5644 --- [merchant-business-gateway] [main] .m.m.a.ExceptionHandlerExceptionResolver : ControllerAdvice beans: 1 @ExceptionHandler, 1 ResponseBodyAdvice
2025-05-20T16:47:29.598+05:45  INFO 5644 --- [merchant-business-gateway] [main] o.s.b.w.embedded.tomcat.TomcatWebServer  : Tomcat started on port 8080 (http) with context path '/'
2025-05-20T16:47:29.607+05:45  INFO 5644 --- [merchant-business-gateway] [main] c.n.m.MerchantBusinessGatewayApplication : Started MerchantBusinessGatewayApplication in 4.314 seconds (process running for 4.618)
2025-05-20T16:47:34.129+05:45  INFO 5644 --- [merchant-business-gateway] [http-nio-8080-exec-1] o.a.c.c.C.[Tomcat].[localhost].[/]       : Initializing Spring DispatcherServlet 'dispatcherServlet'
2025-05-20T16:47:34.130+05:45  INFO 5644 --- [merchant-business-gateway] [http-nio-8080-exec-1] o.s.web.servlet.DispatcherServlet        : Initializing Servlet 'dispatcherServlet'
2025-05-20T16:47:34.130+05:45 DEBUG 5644 --- [merchant-business-gateway] [http-nio-8080-exec-1] o.s.web.servlet.DispatcherServlet        : Detected StandardServletMultipartResolver
2025-05-20T16:47:34.130+05:45 DEBUG 5644 --- [merchant-business-gateway] [http-nio-8080-exec-1] o.s.web.servlet.DispatcherServlet        : Detected AcceptHeaderLocaleResolver
2025-05-20T16:47:34.131+05:45 DEBUG 5644 --- [merchant-business-gateway] [http-nio-8080-exec-1] o.s.web.servlet.DispatcherServlet        : Detected FixedThemeResolver
2025-05-20T16:47:34.132+05:45 DEBUG 5644 --- [merchant-business-gateway] [http-nio-8080-exec-1] o.s.web.servlet.DispatcherServlet        : Detected org.springframework.web.servlet.view.DefaultRequestToViewNameTranslator@2ee91bdf
2025-05-20T16:47:34.132+05:45 DEBUG 5644 --- [merchant-business-gateway] [http-nio-8080-exec-1] o.s.web.servlet.DispatcherServlet        : Detected org.springframework.web.servlet.support.SessionFlashMapManager@4306709f
2025-05-20T16:47:34.132+05:45 DEBUG 5644 --- [merchant-business-gateway] [http-nio-8080-exec-1] o.s.web.servlet.DispatcherServlet        : enableLoggingRequestDetails='false': request parameters and headers will be masked to prevent unsafe logging of potentially sensitive data
2025-05-20T16:47:34.132+05:45  INFO 5644 --- [merchant-business-gateway] [http-nio-8080-exec-1] o.s.web.servlet.DispatcherServlet        : Completed initialization in 2 ms
2025-05-20T16:47:34.154+05:45 DEBUG 5644 --- [merchant-business-gateway] [http-nio-8080-exec-1] o.s.web.servlet.DispatcherServlet        : POST "/api/v1/auth/authenticate", parameters={}
2025-05-20T16:47:34.156+05:45 DEBUG 5644 --- [merchant-business-gateway] [http-nio-8080-exec-1] s.w.s.m.m.a.RequestMappingHandlerMapping : Mapped to com.nchl.merchantbusiness.controller.AuthController#authenticate(AuthRequest)
2025-05-20T16:47:34.201+05:45 DEBUG 5644 --- [merchant-business-gateway] [http-nio-8080-exec-1] m.m.a.RequestResponseBodyMethodProcessor : Read "application/json;charset=UTF-8" to [AuthRequest(username=admin_FrancisHopkins, password=Abcd@1234)]
2025-05-20T16:47:34.478+05:45 DEBUG 5644 --- [merchant-business-gateway] [http-nio-8080-exec-1] o.s.w.s.m.m.a.HttpEntityMethodProcessor  : Using 'application/json', given [*/*] and supported [application/json, application/*+json]
2025-05-20T16:47:34.481+05:45 DEBUG 5644 --- [merchant-business-gateway] [http-nio-8080-exec-1] o.s.w.s.m.m.a.HttpEntityMethodProcessor  : Writing [AuthResponse(code=000, status=SUCCESS, message=User authenticated successfully., data=AuthResponse.T (truncated)...]
2025-05-20T16:47:34.489+05:45 DEBUG 5644 --- [merchant-business-gateway] [http-nio-8080-exec-1] o.s.web.servlet.DispatcherServlet        : Completed 200 OK
2025-05-20T16:54:57.975+05:45  INFO 5644 --- [merchant-business-gateway] [SpringApplicationShutdownHook] o.s.b.w.e.tomcat.GracefulShutdown        : Commencing graceful shutdown. Waiting for active requests to complete
2025-05-20T16:54:57.978+05:45  INFO 5644 --- [merchant-business-gateway] [tomcat-shutdown] o.s.b.w.e.tomcat.GracefulShutdown        : Graceful shutdown complete
2025-05-20T16:54:57.982+05:45  INFO 5644 --- [merchant-business-gateway] [SpringApplicationShutdownHook] j.LocalContainerEntityManagerFactoryBean : Closing JPA EntityManagerFactory for persistence unit 'default'
2025-05-20T16:54:57.983+05:45  INFO 5644 --- [merchant-business-gateway] [SpringApplicationShutdownHook] com.zaxxer.hikari.HikariDataSource       : HikariPool-1 - Shutdown initiated...
2025-05-20T16:54:57.986+05:45  INFO 5644 --- [merchant-business-gateway] [SpringApplicationShutdownHook] com.zaxxer.hikari.HikariDataSource       : HikariPool-1 - Shutdown completed.
2025-05-20T16:55:00.580+05:45  INFO 16340 --- [merchant-business-gateway] [main] c.n.m.MerchantBusinessGatewayApplication : Starting MerchantBusinessGatewayApplication using Java 21.0.6 with PID 16340 (D:\nchl-files\merchant-business-gateway\target\classes started by pramodgautam in D:\nchl-files\merchant-business-gateway)
2025-05-20T16:55:00.582+05:45 DEBUG 16340 --- [merchant-business-gateway] [main] c.n.m.MerchantBusinessGatewayApplication : Running with Spring Boot v3.4.0, Spring v6.2.0
2025-05-20T16:55:00.582+05:45  INFO 16340 --- [merchant-business-gateway] [main] c.n.m.MerchantBusinessGatewayApplication : No active profile set, falling back to 1 default profile: "default"
2025-05-20T16:55:01.246+05:45  INFO 16340 --- [merchant-business-gateway] [main] .s.d.r.c.RepositoryConfigurationDelegate : Bootstrapping Spring Data JPA repositories in DEFAULT mode.
2025-05-20T16:55:01.286+05:45  INFO 16340 --- [merchant-business-gateway] [main] .s.d.r.c.RepositoryConfigurationDelegate : Finished Spring Data repository scanning in 35 ms. Found 2 JPA repository interfaces.
2025-05-20T16:55:01.893+05:45  INFO 16340 --- [merchant-business-gateway] [main] o.s.b.w.embedded.tomcat.TomcatWebServer  : Tomcat initialized with port 8080 (http)
2025-05-20T16:55:01.905+05:45  INFO 16340 --- [merchant-business-gateway] [main] o.apache.catalina.core.StandardService   : Starting service [Tomcat]
2025-05-20T16:55:01.905+05:45  INFO 16340 --- [merchant-business-gateway] [main] o.apache.catalina.core.StandardEngine    : Starting Servlet engine: [Apache Tomcat/10.1.33]
2025-05-20T16:55:01.955+05:45  INFO 16340 --- [merchant-business-gateway] [main] o.a.c.c.C.[Tomcat].[localhost].[/]       : Initializing Spring embedded WebApplicationContext
2025-05-20T16:55:01.955+05:45  INFO 16340 --- [merchant-business-gateway] [main] w.s.c.ServletWebServerApplicationContext : Root WebApplicationContext: initialization completed in 1346 ms
2025-05-20T16:55:02.179+05:45  INFO 16340 --- [merchant-business-gateway] [main] com.zaxxer.hikari.HikariDataSource       : HikariPool-1 - Starting...
2025-05-20T16:55:02.283+05:45  INFO 16340 --- [merchant-business-gateway] [main] com.zaxxer.hikari.pool.HikariPool        : HikariPool-1 - Added connection org.postgresql.jdbc.PgConnection@299fc582
2025-05-20T16:55:02.285+05:45  INFO 16340 --- [merchant-business-gateway] [main] com.zaxxer.hikari.HikariDataSource       : HikariPool-1 - Start completed.
2025-05-20T16:55:02.332+05:45  INFO 16340 --- [merchant-business-gateway] [main] o.hibernate.jpa.internal.util.LogHelper  : HHH000204: Processing PersistenceUnitInfo [name: default]
2025-05-20T16:55:02.383+05:45  INFO 16340 --- [merchant-business-gateway] [main] org.hibernate.Version                    : HHH000412: Hibernate ORM core version 6.6.2.Final
2025-05-20T16:55:02.428+05:45  INFO 16340 --- [merchant-business-gateway] [main] o.h.c.internal.RegionFactoryInitiator    : HHH000026: Second-level cache disabled
2025-05-20T16:55:02.612+05:45  INFO 16340 --- [merchant-business-gateway] [main] o.s.o.j.p.SpringPersistenceUnitInfo      : No LoadTimeWeaver setup: ignoring JPA class transformer
2025-05-20T16:55:02.645+05:45  WARN 16340 --- [merchant-business-gateway] [main] org.hibernate.dialect.Dialect            : HHH000511: The 10.5.0 version for [org.hibernate.dialect.PostgreSQLDialect] is no longer supported, hence certain features may not work properly. The minimum supported version is 12.0.0. Check the community dialects project for available legacy versions.
2025-05-20T16:55:02.651+05:45  WARN 16340 --- [merchant-business-gateway] [main] org.hibernate.orm.deprecation            : HHH90000025: PostgreSQLDialect does not need to be specified explicitly using 'hibernate.dialect' (remove the property setting and it will be selected by default)
2025-05-20T16:55:02.664+05:45  INFO 16340 --- [merchant-business-gateway] [main] org.hibernate.orm.connections.pooling    : HHH10001005: Database info:
	Database JDBC URL [Connecting through datasource 'HikariDataSource (HikariPool-1)']
	Database driver: undefined/unknown
	Database version: 10.5
	Autocommit mode: undefined/unknown
	Isolation level: undefined/unknown
	Minimum pool size: undefined/unknown
	Maximum pool size: undefined/unknown
2025-05-20T16:55:03.279+05:45  INFO 16340 --- [merchant-business-gateway] [main] o.h.e.t.j.p.i.JtaPlatformInitiator       : HHH000489: No JTA platform available (set 'hibernate.transaction.jta.platform' to enable JTA platform integration)
2025-05-20T16:55:03.281+05:45  INFO 16340 --- [merchant-business-gateway] [main] j.LocalContainerEntityManagerFactoryBean : Initialized JPA EntityManagerFactory for persistence unit 'default'
2025-05-20T16:55:03.586+05:45 DEBUG 16340 --- [merchant-business-gateway] [main] c.n.m.config.JwtAuthenticationFilter     : Filter 'jwtAuthenticationFilter' configured for use
2025-05-20T16:55:03.587+05:45 DEBUG 16340 --- [merchant-business-gateway] [main] o.s.w.f.ServerHttpObservationFilter      : Filter 'webMvcObservationFilter' configured for use
2025-05-20T16:55:03.647+05:45  INFO 16340 --- [merchant-business-gateway] [main] eAuthenticationProviderManagerConfigurer : Global AuthenticationManager configured with AuthenticationProvider bean with name authenticationProvider
2025-05-20T16:55:03.647+05:45  WARN 16340 --- [merchant-business-gateway] [main] r$InitializeUserDetailsManagerConfigurer : Global AuthenticationManager configured with an AuthenticationProvider bean. UserDetailsService beans will not be used by Spring Security for automatically configuring username/password login. Consider removing the AuthenticationProvider bean. Alternatively, consider using the UserDetailsService in a manually instantiated DaoAuthenticationProvider. If the current configuration is intentional, to turn off this warning, increase the logging level of 'org.springframework.security.config.annotation.authentication.configuration.InitializeUserDetailsBeanManagerConfigurer' to ERROR
2025-05-20T16:55:03.691+05:45  WARN 16340 --- [merchant-business-gateway] [main] JpaBaseConfiguration$JpaWebConfiguration : spring.jpa.open-in-view is enabled by default. Therefore, database queries may be performed during view rendering. Explicitly configure spring.jpa.open-in-view to disable this warning
2025-05-20T16:55:03.845+05:45 DEBUG 16340 --- [merchant-business-gateway] [main] s.w.s.m.m.a.RequestMappingHandlerMapping : 6 mappings in 'requestMappingHandlerMapping'
2025-05-20T16:55:03.948+05:45 DEBUG 16340 --- [merchant-business-gateway] [main] o.s.w.s.handler.SimpleUrlHandlerMapping  : Patterns [/webjars/**, /**] in 'resourceHandlerMapping'
2025-05-20T16:55:04.045+05:45  INFO 16340 --- [merchant-business-gateway] [main] o.s.b.a.e.web.EndpointLinksResolver      : Exposing 1 endpoint beneath base path '/actuator'
2025-05-20T16:55:04.228+05:45 DEBUG 16340 --- [merchant-business-gateway] [main] s.w.s.m.m.a.RequestMappingHandlerAdapter : ControllerAdvice beans: 0 @ModelAttribute, 0 @InitBinder, 1 RequestBodyAdvice, 1 ResponseBodyAdvice
2025-05-20T16:55:04.277+05:45 DEBUG 16340 --- [merchant-business-gateway] [main] .m.m.a.ExceptionHandlerExceptionResolver : ControllerAdvice beans: 1 @ExceptionHandler, 1 ResponseBodyAdvice
2025-05-20T16:55:04.526+05:45  INFO 16340 --- [merchant-business-gateway] [main] o.s.b.w.embedded.tomcat.TomcatWebServer  : Tomcat started on port 8080 (http) with context path '/'
2025-05-20T16:55:04.536+05:45  INFO 16340 --- [merchant-business-gateway] [main] c.n.m.MerchantBusinessGatewayApplication : Started MerchantBusinessGatewayApplication in 4.282 seconds (process running for 4.598)
2025-05-20T16:55:07.969+05:45  INFO 16340 --- [merchant-business-gateway] [http-nio-8080-exec-2] o.a.c.c.C.[Tomcat].[localhost].[/]       : Initializing Spring DispatcherServlet 'dispatcherServlet'
2025-05-20T16:55:07.970+05:45  INFO 16340 --- [merchant-business-gateway] [http-nio-8080-exec-2] o.s.web.servlet.DispatcherServlet        : Initializing Servlet 'dispatcherServlet'
2025-05-20T16:55:07.970+05:45 DEBUG 16340 --- [merchant-business-gateway] [http-nio-8080-exec-2] o.s.web.servlet.DispatcherServlet        : Detected StandardServletMultipartResolver
2025-05-20T16:55:07.970+05:45 DEBUG 16340 --- [merchant-business-gateway] [http-nio-8080-exec-2] o.s.web.servlet.DispatcherServlet        : Detected AcceptHeaderLocaleResolver
2025-05-20T16:55:07.971+05:45 DEBUG 16340 --- [merchant-business-gateway] [http-nio-8080-exec-2] o.s.web.servlet.DispatcherServlet        : Detected FixedThemeResolver
2025-05-20T16:55:07.971+05:45 DEBUG 16340 --- [merchant-business-gateway] [http-nio-8080-exec-2] o.s.web.servlet.DispatcherServlet        : Detected org.springframework.web.servlet.view.DefaultRequestToViewNameTranslator@792b0cad
2025-05-20T16:55:07.971+05:45 DEBUG 16340 --- [merchant-business-gateway] [http-nio-8080-exec-2] o.s.web.servlet.DispatcherServlet        : Detected org.springframework.web.servlet.support.SessionFlashMapManager@eaa901a
2025-05-20T16:55:07.972+05:45 DEBUG 16340 --- [merchant-business-gateway] [http-nio-8080-exec-2] o.s.web.servlet.DispatcherServlet        : enableLoggingRequestDetails='false': request parameters and headers will be masked to prevent unsafe logging of potentially sensitive data
2025-05-20T16:55:07.972+05:45  INFO 16340 --- [merchant-business-gateway] [http-nio-8080-exec-2] o.s.web.servlet.DispatcherServlet        : Completed initialization in 2 ms
2025-05-20T16:55:08.001+05:45 DEBUG 16340 --- [merchant-business-gateway] [http-nio-8080-exec-2] o.s.web.servlet.DispatcherServlet        : POST "/api/v1/auth/authenticate", parameters={}
2025-05-20T16:55:08.002+05:45 DEBUG 16340 --- [merchant-business-gateway] [http-nio-8080-exec-2] s.w.s.m.m.a.RequestMappingHandlerMapping : Mapped to com.nchl.merchantbusiness.controller.AuthController#authenticate(AuthRequest)
2025-05-20T16:55:08.046+05:45 DEBUG 16340 --- [merchant-business-gateway] [http-nio-8080-exec-2] m.m.a.RequestResponseBodyMethodProcessor : Read "application/json;charset=UTF-8" to [AuthRequest(username=admin_FrancisHopkins, password=Abcd@1234)]
2025-05-20T16:55:08.316+05:45 DEBUG 16340 --- [merchant-business-gateway] [http-nio-8080-exec-2] o.s.w.s.m.m.a.HttpEntityMethodProcessor  : Using 'application/json', given [*/*] and supported [application/json, application/*+json]
2025-05-20T16:55:08.320+05:45 DEBUG 16340 --- [merchant-business-gateway] [http-nio-8080-exec-2] o.s.w.s.m.m.a.HttpEntityMethodProcessor  : Writing [AuthResponse(code=000, status=SUCCESS, message=User authenticated successfully., data=AuthResponse.T (truncated)...]
2025-05-20T16:55:08.326+05:45 DEBUG 16340 --- [merchant-business-gateway] [http-nio-8080-exec-2] o.s.web.servlet.DispatcherServlet        : Completed 200 OK
2025-05-20T16:58:24.114+05:45  INFO 16340 --- [merchant-business-gateway] [SpringApplicationShutdownHook] o.s.b.w.e.tomcat.GracefulShutdown        : Commencing graceful shutdown. Waiting for active requests to complete
2025-05-20T16:58:24.117+05:45  INFO 16340 --- [merchant-business-gateway] [tomcat-shutdown] o.s.b.w.e.tomcat.GracefulShutdown        : Graceful shutdown complete
2025-05-20T16:58:24.120+05:45  INFO 16340 --- [merchant-business-gateway] [SpringApplicationShutdownHook] j.LocalContainerEntityManagerFactoryBean : Closing JPA EntityManagerFactory for persistence unit 'default'
2025-05-20T16:58:24.122+05:45  INFO 16340 --- [merchant-business-gateway] [SpringApplicationShutdownHook] com.zaxxer.hikari.HikariDataSource       : HikariPool-1 - Shutdown initiated...
2025-05-20T16:58:24.124+05:45  INFO 16340 --- [merchant-business-gateway] [SpringApplicationShutdownHook] com.zaxxer.hikari.HikariDataSource       : HikariPool-1 - Shutdown completed.
2025-05-20T16:58:26.868+05:45  INFO 28376 --- [merchant-business-gateway] [main] c.n.m.MerchantBusinessGatewayApplication : Starting MerchantBusinessGatewayApplication using Java 21.0.6 with PID 28376 (D:\nchl-files\merchant-business-gateway\target\classes started by pramodgautam in D:\nchl-files\merchant-business-gateway)
2025-05-20T16:58:26.870+05:45 DEBUG 28376 --- [merchant-business-gateway] [main] c.n.m.MerchantBusinessGatewayApplication : Running with Spring Boot v3.4.0, Spring v6.2.0
2025-05-20T16:58:26.871+05:45  INFO 28376 --- [merchant-business-gateway] [main] c.n.m.MerchantBusinessGatewayApplication : No active profile set, falling back to 1 default profile: "default"
2025-05-20T16:58:27.497+05:45  INFO 28376 --- [merchant-business-gateway] [main] .s.d.r.c.RepositoryConfigurationDelegate : Bootstrapping Spring Data JPA repositories in DEFAULT mode.
2025-05-20T16:58:27.538+05:45  INFO 28376 --- [merchant-business-gateway] [main] .s.d.r.c.RepositoryConfigurationDelegate : Finished Spring Data repository scanning in 36 ms. Found 2 JPA repository interfaces.
2025-05-20T16:58:28.130+05:45  INFO 28376 --- [merchant-business-gateway] [main] o.s.b.w.embedded.tomcat.TomcatWebServer  : Tomcat initialized with port 8080 (http)
2025-05-20T16:58:28.139+05:45  INFO 28376 --- [merchant-business-gateway] [main] o.apache.catalina.core.StandardService   : Starting service [Tomcat]
2025-05-20T16:58:28.140+05:45  INFO 28376 --- [merchant-business-gateway] [main] o.apache.catalina.core.StandardEngine    : Starting Servlet engine: [Apache Tomcat/10.1.33]
2025-05-20T16:58:28.192+05:45  INFO 28376 --- [merchant-business-gateway] [main] o.a.c.c.C.[Tomcat].[localhost].[/]       : Initializing Spring embedded WebApplicationContext
2025-05-20T16:58:28.192+05:45  INFO 28376 --- [merchant-business-gateway] [main] w.s.c.ServletWebServerApplicationContext : Root WebApplicationContext: initialization completed in 1296 ms
2025-05-20T16:58:28.427+05:45  INFO 28376 --- [merchant-business-gateway] [main] com.zaxxer.hikari.HikariDataSource       : HikariPool-1 - Starting...
2025-05-20T16:58:28.536+05:45  INFO 28376 --- [merchant-business-gateway] [main] com.zaxxer.hikari.pool.HikariPool        : HikariPool-1 - Added connection org.postgresql.jdbc.PgConnection@40b31a16
2025-05-20T16:58:28.538+05:45  INFO 28376 --- [merchant-business-gateway] [main] com.zaxxer.hikari.HikariDataSource       : HikariPool-1 - Start completed.
2025-05-20T16:58:28.589+05:45  INFO 28376 --- [merchant-business-gateway] [main] o.hibernate.jpa.internal.util.LogHelper  : HHH000204: Processing PersistenceUnitInfo [name: default]
2025-05-20T16:58:28.634+05:45  INFO 28376 --- [merchant-business-gateway] [main] org.hibernate.Version                    : HHH000412: Hibernate ORM core version 6.6.2.Final
2025-05-20T16:58:28.678+05:45  INFO 28376 --- [merchant-business-gateway] [main] o.h.c.internal.RegionFactoryInitiator    : HHH000026: Second-level cache disabled
2025-05-20T16:58:28.869+05:45  INFO 28376 --- [merchant-business-gateway] [main] o.s.o.j.p.SpringPersistenceUnitInfo      : No LoadTimeWeaver setup: ignoring JPA class transformer
2025-05-20T16:58:28.903+05:45  WARN 28376 --- [merchant-business-gateway] [main] org.hibernate.dialect.Dialect            : HHH000511: The 10.5.0 version for [org.hibernate.dialect.PostgreSQLDialect] is no longer supported, hence certain features may not work properly. The minimum supported version is 12.0.0. Check the community dialects project for available legacy versions.
2025-05-20T16:58:28.907+05:45  WARN 28376 --- [merchant-business-gateway] [main] org.hibernate.orm.deprecation            : HHH90000025: PostgreSQLDialect does not need to be specified explicitly using 'hibernate.dialect' (remove the property setting and it will be selected by default)
2025-05-20T16:58:28.918+05:45  INFO 28376 --- [merchant-business-gateway] [main] org.hibernate.orm.connections.pooling    : HHH10001005: Database info:
	Database JDBC URL [Connecting through datasource 'HikariDataSource (HikariPool-1)']
	Database driver: undefined/unknown
	Database version: 10.5
	Autocommit mode: undefined/unknown
	Isolation level: undefined/unknown
	Minimum pool size: undefined/unknown
	Maximum pool size: undefined/unknown
2025-05-20T16:58:29.523+05:45  INFO 28376 --- [merchant-business-gateway] [main] o.h.e.t.j.p.i.JtaPlatformInitiator       : HHH000489: No JTA platform available (set 'hibernate.transaction.jta.platform' to enable JTA platform integration)
2025-05-20T16:58:29.526+05:45  INFO 28376 --- [merchant-business-gateway] [main] j.LocalContainerEntityManagerFactoryBean : Initialized JPA EntityManagerFactory for persistence unit 'default'
2025-05-20T16:58:29.803+05:45 DEBUG 28376 --- [merchant-business-gateway] [main] c.n.m.config.JwtAuthenticationFilter     : Filter 'jwtAuthenticationFilter' configured for use
2025-05-20T16:58:29.804+05:45 DEBUG 28376 --- [merchant-business-gateway] [main] o.s.w.f.ServerHttpObservationFilter      : Filter 'webMvcObservationFilter' configured for use
2025-05-20T16:58:29.863+05:45  INFO 28376 --- [merchant-business-gateway] [main] eAuthenticationProviderManagerConfigurer : Global AuthenticationManager configured with AuthenticationProvider bean with name authenticationProvider
2025-05-20T16:58:29.864+05:45  WARN 28376 --- [merchant-business-gateway] [main] r$InitializeUserDetailsManagerConfigurer : Global AuthenticationManager configured with an AuthenticationProvider bean. UserDetailsService beans will not be used by Spring Security for automatically configuring username/password login. Consider removing the AuthenticationProvider bean. Alternatively, consider using the UserDetailsService in a manually instantiated DaoAuthenticationProvider. If the current configuration is intentional, to turn off this warning, increase the logging level of 'org.springframework.security.config.annotation.authentication.configuration.InitializeUserDetailsBeanManagerConfigurer' to ERROR
2025-05-20T16:58:29.907+05:45  WARN 28376 --- [merchant-business-gateway] [main] JpaBaseConfiguration$JpaWebConfiguration : spring.jpa.open-in-view is enabled by default. Therefore, database queries may be performed during view rendering. Explicitly configure spring.jpa.open-in-view to disable this warning
2025-05-20T16:58:30.021+05:45 DEBUG 28376 --- [merchant-business-gateway] [main] s.w.s.m.m.a.RequestMappingHandlerMapping : 6 mappings in 'requestMappingHandlerMapping'
2025-05-20T16:58:30.125+05:45 DEBUG 28376 --- [merchant-business-gateway] [main] o.s.w.s.handler.SimpleUrlHandlerMapping  : Patterns [/webjars/**, /**] in 'resourceHandlerMapping'
2025-05-20T16:58:30.234+05:45  INFO 28376 --- [merchant-business-gateway] [main] o.s.b.a.e.web.EndpointLinksResolver      : Exposing 1 endpoint beneath base path '/actuator'
2025-05-20T16:58:30.404+05:45 DEBUG 28376 --- [merchant-business-gateway] [main] s.w.s.m.m.a.RequestMappingHandlerAdapter : ControllerAdvice beans: 0 @ModelAttribute, 0 @InitBinder, 1 RequestBodyAdvice, 1 ResponseBodyAdvice
2025-05-20T16:58:30.460+05:45 DEBUG 28376 --- [merchant-business-gateway] [main] .m.m.a.ExceptionHandlerExceptionResolver : ControllerAdvice beans: 1 @ExceptionHandler, 1 ResponseBodyAdvice
2025-05-20T16:58:30.717+05:45  INFO 28376 --- [merchant-business-gateway] [main] o.s.b.w.embedded.tomcat.TomcatWebServer  : Tomcat started on port 8080 (http) with context path '/'
2025-05-20T16:58:30.726+05:45  INFO 28376 --- [merchant-business-gateway] [main] c.n.m.MerchantBusinessGatewayApplication : Started MerchantBusinessGatewayApplication in 4.187 seconds (process running for 4.482)
2025-05-20T16:58:33.966+05:45  INFO 28376 --- [merchant-business-gateway] [http-nio-8080-exec-1] o.a.c.c.C.[Tomcat].[localhost].[/]       : Initializing Spring DispatcherServlet 'dispatcherServlet'
2025-05-20T16:58:33.967+05:45  INFO 28376 --- [merchant-business-gateway] [http-nio-8080-exec-1] o.s.web.servlet.DispatcherServlet        : Initializing Servlet 'dispatcherServlet'
2025-05-20T16:58:33.967+05:45 DEBUG 28376 --- [merchant-business-gateway] [http-nio-8080-exec-1] o.s.web.servlet.DispatcherServlet        : Detected StandardServletMultipartResolver
2025-05-20T16:58:33.967+05:45 DEBUG 28376 --- [merchant-business-gateway] [http-nio-8080-exec-1] o.s.web.servlet.DispatcherServlet        : Detected AcceptHeaderLocaleResolver
2025-05-20T16:58:33.967+05:45 DEBUG 28376 --- [merchant-business-gateway] [http-nio-8080-exec-1] o.s.web.servlet.DispatcherServlet        : Detected FixedThemeResolver
2025-05-20T16:58:33.968+05:45 DEBUG 28376 --- [merchant-business-gateway] [http-nio-8080-exec-1] o.s.web.servlet.DispatcherServlet        : Detected org.springframework.web.servlet.view.DefaultRequestToViewNameTranslator@2ee91bdf
2025-05-20T16:58:33.968+05:45 DEBUG 28376 --- [merchant-business-gateway] [http-nio-8080-exec-1] o.s.web.servlet.DispatcherServlet        : Detected org.springframework.web.servlet.support.SessionFlashMapManager@4306709f
2025-05-20T16:58:33.968+05:45 DEBUG 28376 --- [merchant-business-gateway] [http-nio-8080-exec-1] o.s.web.servlet.DispatcherServlet        : enableLoggingRequestDetails='false': request parameters and headers will be masked to prevent unsafe logging of potentially sensitive data
2025-05-20T16:58:33.968+05:45  INFO 28376 --- [merchant-business-gateway] [http-nio-8080-exec-1] o.s.web.servlet.DispatcherServlet        : Completed initialization in 1 ms
2025-05-20T16:58:33.991+05:45 DEBUG 28376 --- [merchant-business-gateway] [http-nio-8080-exec-1] o.s.web.servlet.DispatcherServlet        : POST "/api/v1/auth/authenticate", parameters={}
2025-05-20T16:58:33.992+05:45 DEBUG 28376 --- [merchant-business-gateway] [http-nio-8080-exec-1] s.w.s.m.m.a.RequestMappingHandlerMapping : Mapped to com.nchl.merchantbusiness.controller.AuthController#authenticate(AuthRequest)
2025-05-20T16:58:34.035+05:45 DEBUG 28376 --- [merchant-business-gateway] [http-nio-8080-exec-1] m.m.a.RequestResponseBodyMethodProcessor : Read "application/json;charset=UTF-8" to [AuthRequest(username=admin_FrancisHopkins, password=Abcd@1234)]
2025-05-20T16:58:34.303+05:45 DEBUG 28376 --- [merchant-business-gateway] [http-nio-8080-exec-1] o.s.w.s.m.m.a.HttpEntityMethodProcessor  : Using 'application/json', given [*/*] and supported [application/json, application/*+json]
2025-05-20T16:58:34.305+05:45 DEBUG 28376 --- [merchant-business-gateway] [http-nio-8080-exec-1] o.s.w.s.m.m.a.HttpEntityMethodProcessor  : Writing [AuthResponse(code=000, status=SUCCESS, message=User authenticated successfully., data=AuthResponse.T (truncated)...]
2025-05-20T16:58:34.310+05:45 DEBUG 28376 --- [merchant-business-gateway] [http-nio-8080-exec-1] o.s.web.servlet.DispatcherServlet        : Completed 200 OK
2025-05-20T16:58:43.911+05:45  INFO 28376 --- [merchant-business-gateway] [SpringApplicationShutdownHook] o.s.b.w.e.tomcat.GracefulShutdown        : Commencing graceful shutdown. Waiting for active requests to complete
2025-05-20T16:58:43.924+05:45  INFO 28376 --- [merchant-business-gateway] [tomcat-shutdown] o.s.b.w.e.tomcat.GracefulShutdown        : Graceful shutdown complete
2025-05-20T16:58:43.930+05:45  INFO 28376 --- [merchant-business-gateway] [SpringApplicationShutdownHook] j.LocalContainerEntityManagerFactoryBean : Closing JPA EntityManagerFactory for persistence unit 'default'
2025-05-20T16:58:43.932+05:45  INFO 28376 --- [merchant-business-gateway] [SpringApplicationShutdownHook] com.zaxxer.hikari.HikariDataSource       : HikariPool-1 - Shutdown initiated...
2025-05-20T16:58:43.940+05:45  INFO 28376 --- [merchant-business-gateway] [SpringApplicationShutdownHook] com.zaxxer.hikari.HikariDataSource       : HikariPool-1 - Shutdown completed.
2025-05-20T17:46:06.446+05:45  INFO 25876 --- [merchant-business-gateway] [main] c.n.m.MerchantBusinessGatewayApplication : Starting MerchantBusinessGatewayApplication using Java 21.0.6 with PID 25876 (D:\nchl-files\merchant-business-gateway\target\classes started by pramodgautam in D:\nchl-files\merchant-business-gateway)
2025-05-20T17:46:06.446+05:45 DEBUG 25876 --- [merchant-business-gateway] [main] c.n.m.MerchantBusinessGatewayApplication : Running with Spring Boot v3.4.0, Spring v6.2.0
2025-05-20T17:46:06.446+05:45  INFO 25876 --- [merchant-business-gateway] [main] c.n.m.MerchantBusinessGatewayApplication : No active profile set, falling back to 1 default profile: "default"
2025-05-20T17:46:07.095+05:45  INFO 25876 --- [merchant-business-gateway] [main] .s.d.r.c.RepositoryConfigurationDelegate : Bootstrapping Spring Data JPA repositories in DEFAULT mode.
2025-05-20T17:46:07.142+05:45  INFO 25876 --- [merchant-business-gateway] [main] .s.d.r.c.RepositoryConfigurationDelegate : Finished Spring Data repository scanning in 36 ms. Found 2 JPA repository interfaces.
2025-05-20T17:46:07.768+05:45  INFO 25876 --- [merchant-business-gateway] [main] o.s.b.w.embedded.tomcat.TomcatWebServer  : Tomcat initialized with port 8080 (http)
2025-05-20T17:46:07.774+05:45  INFO 25876 --- [merchant-business-gateway] [main] o.apache.catalina.core.StandardService   : Starting service [Tomcat]
2025-05-20T17:46:07.774+05:45  INFO 25876 --- [merchant-business-gateway] [main] o.apache.catalina.core.StandardEngine    : Starting Servlet engine: [Apache Tomcat/10.1.33]
2025-05-20T17:46:07.820+05:45  INFO 25876 --- [merchant-business-gateway] [main] o.a.c.c.C.[Tomcat].[localhost].[/]       : Initializing Spring embedded WebApplicationContext
2025-05-20T17:46:07.820+05:45  INFO 25876 --- [merchant-business-gateway] [main] w.s.c.ServletWebServerApplicationContext : Root WebApplicationContext: initialization completed in 1346 ms
2025-05-20T17:46:08.038+05:45  INFO 25876 --- [merchant-business-gateway] [main] com.zaxxer.hikari.HikariDataSource       : HikariPool-1 - Starting...
2025-05-20T17:46:08.108+05:45  INFO 25876 --- [merchant-business-gateway] [main] com.zaxxer.hikari.pool.HikariPool        : HikariPool-1 - Added connection org.postgresql.jdbc.PgConnection@56e5c8fb
2025-05-20T17:46:08.111+05:45  INFO 25876 --- [merchant-business-gateway] [main] com.zaxxer.hikari.HikariDataSource       : HikariPool-1 - Start completed.
2025-05-20T17:46:08.149+05:45  INFO 25876 --- [merchant-business-gateway] [main] o.hibernate.jpa.internal.util.LogHelper  : HHH000204: Processing PersistenceUnitInfo [name: default]
2025-05-20T17:46:08.227+05:45  INFO 25876 --- [merchant-business-gateway] [main] org.hibernate.Version                    : HHH000412: Hibernate ORM core version 6.6.2.Final
2025-05-20T17:46:08.252+05:45  INFO 25876 --- [merchant-business-gateway] [main] o.h.c.internal.RegionFactoryInitiator    : HHH000026: Second-level cache disabled
2025-05-20T17:46:08.400+05:45  INFO 25876 --- [merchant-business-gateway] [main] o.s.o.j.p.SpringPersistenceUnitInfo      : No LoadTimeWeaver setup: ignoring JPA class transformer
2025-05-20T17:46:08.423+05:45  WARN 25876 --- [merchant-business-gateway] [main] org.hibernate.dialect.Dialect            : HHH000511: The 10.5.0 version for [org.hibernate.dialect.PostgreSQLDialect] is no longer supported, hence certain features may not work properly. The minimum supported version is 12.0.0. Check the community dialects project for available legacy versions.
2025-05-20T17:46:08.423+05:45  WARN 25876 --- [merchant-business-gateway] [main] org.hibernate.orm.deprecation            : HHH90000025: PostgreSQLDialect does not need to be specified explicitly using 'hibernate.dialect' (remove the property setting and it will be selected by default)
2025-05-20T17:46:08.441+05:45  INFO 25876 --- [merchant-business-gateway] [main] org.hibernate.orm.connections.pooling    : HHH10001005: Database info:
	Database JDBC URL [Connecting through datasource 'HikariDataSource (HikariPool-1)']
	Database driver: undefined/unknown
	Database version: 10.5
	Autocommit mode: undefined/unknown
	Isolation level: undefined/unknown
	Minimum pool size: undefined/unknown
	Maximum pool size: undefined/unknown
2025-05-20T17:46:08.978+05:45  INFO 25876 --- [merchant-business-gateway] [main] o.h.e.t.j.p.i.JtaPlatformInitiator       : HHH000489: No JTA platform available (set 'hibernate.transaction.jta.platform' to enable JTA platform integration)
2025-05-20T17:46:08.980+05:45  INFO 25876 --- [merchant-business-gateway] [main] j.LocalContainerEntityManagerFactoryBean : Initialized JPA EntityManagerFactory for persistence unit 'default'
2025-05-20T17:46:09.267+05:45 DEBUG 25876 --- [merchant-business-gateway] [main] c.n.m.config.JwtAuthenticationFilter     : Filter 'jwtAuthenticationFilter' configured for use
2025-05-20T17:46:09.268+05:45 DEBUG 25876 --- [merchant-business-gateway] [main] o.s.w.f.ServerHttpObservationFilter      : Filter 'webMvcObservationFilter' configured for use
2025-05-20T17:46:09.327+05:45  INFO 25876 --- [merchant-business-gateway] [main] eAuthenticationProviderManagerConfigurer : Global AuthenticationManager configured with AuthenticationProvider bean with name authenticationProvider
2025-05-20T17:46:09.327+05:45  WARN 25876 --- [merchant-business-gateway] [main] r$InitializeUserDetailsManagerConfigurer : Global AuthenticationManager configured with an AuthenticationProvider bean. UserDetailsService beans will not be used by Spring Security for automatically configuring username/password login. Consider removing the AuthenticationProvider bean. Alternatively, consider using the UserDetailsService in a manually instantiated DaoAuthenticationProvider. If the current configuration is intentional, to turn off this warning, increase the logging level of 'org.springframework.security.config.annotation.authentication.configuration.InitializeUserDetailsBeanManagerConfigurer' to ERROR
2025-05-20T17:46:09.368+05:45  WARN 25876 --- [merchant-business-gateway] [main] JpaBaseConfiguration$JpaWebConfiguration : spring.jpa.open-in-view is enabled by default. Therefore, database queries may be performed during view rendering. Explicitly configure spring.jpa.open-in-view to disable this warning
2025-05-20T17:46:09.534+05:45 DEBUG 25876 --- [merchant-business-gateway] [main] s.w.s.m.m.a.RequestMappingHandlerMapping : 6 mappings in 'requestMappingHandlerMapping'
2025-05-20T17:46:09.622+05:45 DEBUG 25876 --- [merchant-business-gateway] [main] o.s.w.s.handler.SimpleUrlHandlerMapping  : Patterns [/webjars/**, /**] in 'resourceHandlerMapping'
2025-05-20T17:46:09.720+05:45  INFO 25876 --- [merchant-business-gateway] [main] o.s.b.a.e.web.EndpointLinksResolver      : Exposing 1 endpoint beneath base path '/actuator'
2025-05-20T17:46:09.907+05:45 DEBUG 25876 --- [merchant-business-gateway] [main] s.w.s.m.m.a.RequestMappingHandlerAdapter : ControllerAdvice beans: 0 @ModelAttribute, 0 @InitBinder, 1 RequestBodyAdvice, 1 ResponseBodyAdvice
2025-05-20T17:46:09.947+05:45 DEBUG 25876 --- [merchant-business-gateway] [main] .m.m.a.ExceptionHandlerExceptionResolver : ControllerAdvice beans: 1 @ExceptionHandler, 1 ResponseBodyAdvice
2025-05-20T17:46:10.158+05:45  INFO 25876 --- [merchant-business-gateway] [main] o.s.b.w.embedded.tomcat.TomcatWebServer  : Tomcat started on port 8080 (http) with context path '/'
2025-05-20T17:46:10.166+05:45  INFO 25876 --- [merchant-business-gateway] [main] c.n.m.MerchantBusinessGatewayApplication : Started MerchantBusinessGatewayApplication in 4.032 seconds (process running for 4.293)
2025-05-20T17:46:12.700+05:45  INFO 25876 --- [merchant-business-gateway] [http-nio-8080-exec-2] o.a.c.c.C.[Tomcat].[localhost].[/]       : Initializing Spring DispatcherServlet 'dispatcherServlet'
2025-05-20T17:46:12.700+05:45  INFO 25876 --- [merchant-business-gateway] [http-nio-8080-exec-2] o.s.web.servlet.DispatcherServlet        : Initializing Servlet 'dispatcherServlet'
2025-05-20T17:46:12.700+05:45 DEBUG 25876 --- [merchant-business-gateway] [http-nio-8080-exec-2] o.s.web.servlet.DispatcherServlet        : Detected StandardServletMultipartResolver
2025-05-20T17:46:12.700+05:45 DEBUG 25876 --- [merchant-business-gateway] [http-nio-8080-exec-2] o.s.web.servlet.DispatcherServlet        : Detected AcceptHeaderLocaleResolver
2025-05-20T17:46:12.701+05:45 DEBUG 25876 --- [merchant-business-gateway] [http-nio-8080-exec-2] o.s.web.servlet.DispatcherServlet        : Detected FixedThemeResolver
2025-05-20T17:46:12.701+05:45 DEBUG 25876 --- [merchant-business-gateway] [http-nio-8080-exec-2] o.s.web.servlet.DispatcherServlet        : Detected org.springframework.web.servlet.view.DefaultRequestToViewNameTranslator@12ff3df
2025-05-20T17:46:12.701+05:45 DEBUG 25876 --- [merchant-business-gateway] [http-nio-8080-exec-2] o.s.web.servlet.DispatcherServlet        : Detected org.springframework.web.servlet.support.SessionFlashMapManager@280cb0b4
2025-05-20T17:46:12.702+05:45 DEBUG 25876 --- [merchant-business-gateway] [http-nio-8080-exec-2] o.s.web.servlet.DispatcherServlet        : enableLoggingRequestDetails='false': request parameters and headers will be masked to prevent unsafe logging of potentially sensitive data
2025-05-20T17:46:12.702+05:45  INFO 25876 --- [merchant-business-gateway] [http-nio-8080-exec-2] o.s.web.servlet.DispatcherServlet        : Completed initialization in 2 ms
2025-05-20T17:46:12.723+05:45 DEBUG 25876 --- [merchant-business-gateway] [http-nio-8080-exec-2] o.s.web.servlet.DispatcherServlet        : POST "/api/v1/auth/authenticate", parameters={}
2025-05-20T17:46:12.724+05:45 DEBUG 25876 --- [merchant-business-gateway] [http-nio-8080-exec-2] s.w.s.m.m.a.RequestMappingHandlerMapping : Mapped to com.nchl.merchantbusiness.controller.AuthController#authenticate(AuthRequest)
2025-05-20T17:46:12.765+05:45 DEBUG 25876 --- [merchant-business-gateway] [http-nio-8080-exec-2] m.m.a.RequestResponseBodyMethodProcessor : Read "application/json;charset=UTF-8" to [AuthRequest(username=admin_FrancisHopkins, password=Abcd@1234)]
2025-05-20T17:46:13.028+05:45 DEBUG 25876 --- [merchant-business-gateway] [http-nio-8080-exec-2] o.s.w.s.m.m.a.HttpEntityMethodProcessor  : Using 'application/json', given [*/*] and supported [application/json, application/*+json]
2025-05-20T17:46:13.030+05:45 DEBUG 25876 --- [merchant-business-gateway] [http-nio-8080-exec-2] o.s.w.s.m.m.a.HttpEntityMethodProcessor  : Writing [AuthResponse(code=000, status=SUCCESS, message=User authenticated successfully., data=AuthResponse.T (truncated)...]
2025-05-20T17:46:13.036+05:45 DEBUG 25876 --- [merchant-business-gateway] [http-nio-8080-exec-2] o.s.web.servlet.DispatcherServlet        : Completed 200 OK
2025-05-20T17:54:04.825+05:45  INFO 25876 --- [merchant-business-gateway] [SpringApplicationShutdownHook] o.s.b.w.e.tomcat.GracefulShutdown        : Commencing graceful shutdown. Waiting for active requests to complete
2025-05-20T17:54:04.828+05:45  INFO 25876 --- [merchant-business-gateway] [tomcat-shutdown] o.s.b.w.e.tomcat.GracefulShutdown        : Graceful shutdown complete
2025-05-20T17:54:04.830+05:45  INFO 25876 --- [merchant-business-gateway] [SpringApplicationShutdownHook] j.LocalContainerEntityManagerFactoryBean : Closing JPA EntityManagerFactory for persistence unit 'default'
2025-05-20T17:54:04.832+05:45  INFO 25876 --- [merchant-business-gateway] [SpringApplicationShutdownHook] com.zaxxer.hikari.HikariDataSource       : HikariPool-1 - Shutdown initiated...
2025-05-20T17:54:04.834+05:45  INFO 25876 --- [merchant-business-gateway] [SpringApplicationShutdownHook] com.zaxxer.hikari.HikariDataSource       : HikariPool-1 - Shutdown completed.
2025-05-20T17:54:07.886+05:45  INFO 28968 --- [merchant-business-gateway] [main] c.n.m.MerchantBusinessGatewayApplication : Starting MerchantBusinessGatewayApplication using Java 21.0.6 with PID 28968 (D:\nchl-files\merchant-business-gateway\target\classes started by pramodgautam in D:\nchl-files\merchant-business-gateway)
2025-05-20T17:54:07.888+05:45 DEBUG 28968 --- [merchant-business-gateway] [main] c.n.m.MerchantBusinessGatewayApplication : Running with Spring Boot v3.4.0, Spring v6.2.0
2025-05-20T17:54:07.889+05:45  INFO 28968 --- [merchant-business-gateway] [main] c.n.m.MerchantBusinessGatewayApplication : No active profile set, falling back to 1 default profile: "default"
2025-05-20T17:54:08.528+05:45  INFO 28968 --- [merchant-business-gateway] [main] .s.d.r.c.RepositoryConfigurationDelegate : Bootstrapping Spring Data JPA repositories in DEFAULT mode.
2025-05-20T17:54:08.572+05:45  INFO 28968 --- [merchant-business-gateway] [main] .s.d.r.c.RepositoryConfigurationDelegate : Finished Spring Data repository scanning in 37 ms. Found 2 JPA repository interfaces.
2025-05-20T17:54:09.153+05:45  INFO 28968 --- [merchant-business-gateway] [main] o.s.b.w.embedded.tomcat.TomcatWebServer  : Tomcat initialized with port 8080 (http)
2025-05-20T17:54:09.163+05:45  INFO 28968 --- [merchant-business-gateway] [main] o.apache.catalina.core.StandardService   : Starting service [Tomcat]
2025-05-20T17:54:09.164+05:45  INFO 28968 --- [merchant-business-gateway] [main] o.apache.catalina.core.StandardEngine    : Starting Servlet engine: [Apache Tomcat/10.1.33]
2025-05-20T17:54:09.217+05:45  INFO 28968 --- [merchant-business-gateway] [main] o.a.c.c.C.[Tomcat].[localhost].[/]       : Initializing Spring embedded WebApplicationContext
2025-05-20T17:54:09.217+05:45  INFO 28968 --- [merchant-business-gateway] [main] w.s.c.ServletWebServerApplicationContext : Root WebApplicationContext: initialization completed in 1299 ms
2025-05-20T17:54:09.430+05:45  INFO 28968 --- [merchant-business-gateway] [main] com.zaxxer.hikari.HikariDataSource       : HikariPool-1 - Starting...
2025-05-20T17:54:09.505+05:45  INFO 28968 --- [merchant-business-gateway] [main] com.zaxxer.hikari.pool.HikariPool        : HikariPool-1 - Added connection org.postgresql.jdbc.PgConnection@2475fba3
2025-05-20T17:54:09.506+05:45  INFO 28968 --- [merchant-business-gateway] [main] com.zaxxer.hikari.HikariDataSource       : HikariPool-1 - Start completed.
2025-05-20T17:54:09.572+05:45  INFO 28968 --- [merchant-business-gateway] [main] o.hibernate.jpa.internal.util.LogHelper  : HHH000204: Processing PersistenceUnitInfo [name: default]
2025-05-20T17:54:09.635+05:45  INFO 28968 --- [merchant-business-gateway] [main] org.hibernate.Version                    : HHH000412: Hibernate ORM core version 6.6.2.Final
2025-05-20T17:54:09.676+05:45  INFO 28968 --- [merchant-business-gateway] [main] o.h.c.internal.RegionFactoryInitiator    : HHH000026: Second-level cache disabled
2025-05-20T17:54:09.847+05:45  INFO 28968 --- [merchant-business-gateway] [main] o.s.o.j.p.SpringPersistenceUnitInfo      : No LoadTimeWeaver setup: ignoring JPA class transformer
2025-05-20T17:54:09.880+05:45  WARN 28968 --- [merchant-business-gateway] [main] org.hibernate.dialect.Dialect            : HHH000511: The 10.5.0 version for [org.hibernate.dialect.PostgreSQLDialect] is no longer supported, hence certain features may not work properly. The minimum supported version is 12.0.0. Check the community dialects project for available legacy versions.
2025-05-20T17:54:09.883+05:45  WARN 28968 --- [merchant-business-gateway] [main] org.hibernate.orm.deprecation            : HHH90000025: PostgreSQLDialect does not need to be specified explicitly using 'hibernate.dialect' (remove the property setting and it will be selected by default)
2025-05-20T17:54:09.891+05:45  INFO 28968 --- [merchant-business-gateway] [main] org.hibernate.orm.connections.pooling    : HHH10001005: Database info:
	Database JDBC URL [Connecting through datasource 'HikariDataSource (HikariPool-1)']
	Database driver: undefined/unknown
	Database version: 10.5
	Autocommit mode: undefined/unknown
	Isolation level: undefined/unknown
	Minimum pool size: undefined/unknown
	Maximum pool size: undefined/unknown
2025-05-20T17:54:10.427+05:45  INFO 28968 --- [merchant-business-gateway] [main] o.h.e.t.j.p.i.JtaPlatformInitiator       : HHH000489: No JTA platform available (set 'hibernate.transaction.jta.platform' to enable JTA platform integration)
2025-05-20T17:54:10.428+05:45  INFO 28968 --- [merchant-business-gateway] [main] j.LocalContainerEntityManagerFactoryBean : Initialized JPA EntityManagerFactory for persistence unit 'default'
2025-05-20T17:54:10.684+05:45 DEBUG 28968 --- [merchant-business-gateway] [main] c.n.m.config.JwtAuthenticationFilter     : Filter 'jwtAuthenticationFilter' configured for use
2025-05-20T17:54:10.684+05:45 DEBUG 28968 --- [merchant-business-gateway] [main] o.s.w.f.ServerHttpObservationFilter      : Filter 'webMvcObservationFilter' configured for use
2025-05-20T17:54:10.729+05:45  INFO 28968 --- [merchant-business-gateway] [main] eAuthenticationProviderManagerConfigurer : Global AuthenticationManager configured with AuthenticationProvider bean with name authenticationProvider
2025-05-20T17:54:10.730+05:45  WARN 28968 --- [merchant-business-gateway] [main] r$InitializeUserDetailsManagerConfigurer : Global AuthenticationManager configured with an AuthenticationProvider bean. UserDetailsService beans will not be used by Spring Security for automatically configuring username/password login. Consider removing the AuthenticationProvider bean. Alternatively, consider using the UserDetailsService in a manually instantiated DaoAuthenticationProvider. If the current configuration is intentional, to turn off this warning, increase the logging level of 'org.springframework.security.config.annotation.authentication.configuration.InitializeUserDetailsBeanManagerConfigurer' to ERROR
2025-05-20T17:54:10.774+05:45  WARN 28968 --- [merchant-business-gateway] [main] JpaBaseConfiguration$JpaWebConfiguration : spring.jpa.open-in-view is enabled by default. Therefore, database queries may be performed during view rendering. Explicitly configure spring.jpa.open-in-view to disable this warning
2025-05-20T17:54:10.933+05:45 DEBUG 28968 --- [merchant-business-gateway] [main] s.w.s.m.m.a.RequestMappingHandlerMapping : 6 mappings in 'requestMappingHandlerMapping'
2025-05-20T17:54:11.023+05:45 DEBUG 28968 --- [merchant-business-gateway] [main] o.s.w.s.handler.SimpleUrlHandlerMapping  : Patterns [/webjars/**, /**] in 'resourceHandlerMapping'
2025-05-20T17:54:11.115+05:45  INFO 28968 --- [merchant-business-gateway] [main] o.s.b.a.e.web.EndpointLinksResolver      : Exposing 1 endpoint beneath base path '/actuator'
2025-05-20T17:54:11.296+05:45 DEBUG 28968 --- [merchant-business-gateway] [main] s.w.s.m.m.a.RequestMappingHandlerAdapter : ControllerAdvice beans: 0 @ModelAttribute, 0 @InitBinder, 1 RequestBodyAdvice, 1 ResponseBodyAdvice
2025-05-20T17:54:11.366+05:45 DEBUG 28968 --- [merchant-business-gateway] [main] .m.m.a.ExceptionHandlerExceptionResolver : ControllerAdvice beans: 1 @ExceptionHandler, 1 ResponseBodyAdvice
2025-05-20T17:54:11.615+05:45  INFO 28968 --- [merchant-business-gateway] [main] o.s.b.w.embedded.tomcat.TomcatWebServer  : Tomcat started on port 8080 (http) with context path '/'
2025-05-20T17:54:11.623+05:45  INFO 28968 --- [merchant-business-gateway] [main] c.n.m.MerchantBusinessGatewayApplication : Started MerchantBusinessGatewayApplication in 4.059 seconds (process running for 4.319)
2025-05-20T17:54:16.587+05:45  INFO 28968 --- [merchant-business-gateway] [http-nio-8080-exec-1] o.a.c.c.C.[Tomcat].[localhost].[/]       : Initializing Spring DispatcherServlet 'dispatcherServlet'
2025-05-20T17:54:16.587+05:45  INFO 28968 --- [merchant-business-gateway] [http-nio-8080-exec-1] o.s.web.servlet.DispatcherServlet        : Initializing Servlet 'dispatcherServlet'
2025-05-20T17:54:16.588+05:45 DEBUG 28968 --- [merchant-business-gateway] [http-nio-8080-exec-1] o.s.web.servlet.DispatcherServlet        : Detected StandardServletMultipartResolver
2025-05-20T17:54:16.588+05:45 DEBUG 28968 --- [merchant-business-gateway] [http-nio-8080-exec-1] o.s.web.servlet.DispatcherServlet        : Detected AcceptHeaderLocaleResolver
2025-05-20T17:54:16.588+05:45 DEBUG 28968 --- [merchant-business-gateway] [http-nio-8080-exec-1] o.s.web.servlet.DispatcherServlet        : Detected FixedThemeResolver
2025-05-20T17:54:16.589+05:45 DEBUG 28968 --- [merchant-business-gateway] [http-nio-8080-exec-1] o.s.web.servlet.DispatcherServlet        : Detected org.springframework.web.servlet.view.DefaultRequestToViewNameTranslator@233bfc46
2025-05-20T17:54:16.589+05:45 DEBUG 28968 --- [merchant-business-gateway] [http-nio-8080-exec-1] o.s.web.servlet.DispatcherServlet        : Detected org.springframework.web.servlet.support.SessionFlashMapManager@9be2897
2025-05-20T17:54:16.589+05:45 DEBUG 28968 --- [merchant-business-gateway] [http-nio-8080-exec-1] o.s.web.servlet.DispatcherServlet        : enableLoggingRequestDetails='false': request parameters and headers will be masked to prevent unsafe logging of potentially sensitive data
2025-05-20T17:54:16.589+05:45  INFO 28968 --- [merchant-business-gateway] [http-nio-8080-exec-1] o.s.web.servlet.DispatcherServlet        : Completed initialization in 2 ms
2025-05-20T17:54:16.612+05:45 DEBUG 28968 --- [merchant-business-gateway] [http-nio-8080-exec-1] o.s.web.servlet.DispatcherServlet        : POST "/api/v1/auth/authenticate", parameters={}
2025-05-20T17:54:16.613+05:45 DEBUG 28968 --- [merchant-business-gateway] [http-nio-8080-exec-1] s.w.s.m.m.a.RequestMappingHandlerMapping : Mapped to com.nchl.merchantbusiness.controller.AuthController#authenticate(AuthRequest)
2025-05-20T17:54:16.657+05:45 DEBUG 28968 --- [merchant-business-gateway] [http-nio-8080-exec-1] m.m.a.RequestResponseBodyMethodProcessor : Read "application/json;charset=UTF-8" to [AuthRequest(username=admin_FrancisHopkins, password=Abcd@1234)]
2025-05-20T17:54:16.907+05:45 DEBUG 28968 --- [merchant-business-gateway] [http-nio-8080-exec-1] o.s.w.s.m.m.a.HttpEntityMethodProcessor  : Using 'application/json', given [*/*] and supported [application/json, application/*+json]
2025-05-20T17:54:16.909+05:45 DEBUG 28968 --- [merchant-business-gateway] [http-nio-8080-exec-1] o.s.w.s.m.m.a.HttpEntityMethodProcessor  : Writing [AuthResponse(code=000, status=SUCCESS, message=User authenticated successfully., data=AuthResponse.T (truncated)...]
2025-05-20T17:54:16.914+05:45 DEBUG 28968 --- [merchant-business-gateway] [http-nio-8080-exec-1] o.s.web.servlet.DispatcherServlet        : Completed 200 OK
